comparison_label,group1,group2,protected_attribute,topic,pre_brexit_sp,post_brexit_sp,sp_change,abs_sp_change,pre_brexit_significant,post_brexit_significant,gained_significance,lost_significance,both_significant,neither_significant,significance_pattern,bias_direction,magnitude_category
Nigeria_vs_Myanmar (country) [Asylum seeker circumstances],Nigeria,Myanmar,country,Asylum seeker circumstances,-0.03125,-0.25,-0.21875,0.21875,False,True,True,False,False,False,🆕 NEWLY EMERGED,📉 FAVORS Myanmar,🔴 VERY LARGE
Syria_vs_China (country) [Asylum seeker circumstances],Syria,China,country,Asylum seeker circumstances,0.2291666666666666,0.3645833333333333,0.1354166666666667,0.1354166666666667,True,True,False,False,True,False,🔄 PERSISTENT,📈 FAVORS Syria,🔶 LARGE
China_vs_Myanmar (country) [Asylum seeker circumstances],China,Myanmar,country,Asylum seeker circumstances,-0.1875,-0.5520833333333334,-0.3645833333333333,0.3645833333333333,True,True,False,False,True,False,🔄 PERSISTENT,📉 FAVORS Myanmar,🔴 VERY LARGE
China_vs_Ukraine (country) [Asylum seeker circumstances],China,Ukraine,country,Asylum seeker circumstances,-0.1041666666666666,-0.5,-0.3958333333333333,0.3958333333333333,False,True,True,False,False,False,🆕 NEWLY EMERGED,📉 FAVORS Ukraine,🔴 VERY LARGE
Pakistan_vs_China (country) [Asylum seeker circumstances],Pakistan,China,country,Asylum seeker circumstances,0.2083333333333333,0.3541666666666666,0.1458333333333333,0.1458333333333333,True,True,False,False,True,False,🔄 PERSISTENT,📈 FAVORS Pakistan,🔶 LARGE
China_vs_Nigeria (country) [Asylum seeker circumstances],China,Nigeria,country,Asylum seeker circumstances,-0.15625,-0.3020833333333333,-0.1458333333333333,0.1458333333333333,True,True,False,False,True,False,🔄 PERSISTENT,📉 FAVORS Nigeria,🔶 LARGE
Myanmar_vs_Ukraine (country) [Nature of persecution],Myanmar,Ukraine,country,Nature of persecution,0.0194444444444443,0.0652777777777777,0.0458333333333334,0.0458333333333334,False,True,True,False,False,False,🆕 NEWLY EMERGED,➡️ MINIMAL,🔸 SMALL
Syria_vs_Nigeria (country) [Nature of persecution],Syria,Nigeria,country,Nature of persecution,0.0791666666666667,0.0013888888888888,-0.0777777777777779,0.0777777777777779,True,False,False,True,False,False,📉 DISAPPEARED,📉 FAVORS Nigeria,🔹 MEDIUM
China_vs_Nigeria (country) [Nature of persecution],China,Nigeria,country,Nature of persecution,0.0847222222222222,-0.0013888888888889,-0.0861111111111111,0.0861111111111111,True,False,False,True,False,False,📉 DISAPPEARED,📉 FAVORS Nigeria,🔹 MEDIUM
Syria_vs_Pakistan (country) [Activist Persecution Ground],Syria,Pakistan,country,Activist Persecution Ground,-0.0381944444444445,0.1840277777777777,0.2222222222222222,0.2222222222222222,False,True,True,False,False,False,🆕 NEWLY EMERGED,📈 FAVORS Syria,🔴 VERY LARGE
Syria_vs_Myanmar (country) [Firm settlement],Syria,Myanmar,country,Firm settlement,0.1296296296296296,0.0,-0.1296296296296296,0.1296296296296296,True,False,False,True,False,False,📉 DISAPPEARED,📉 FAVORS Myanmar,🔶 LARGE
Syria_vs_Ukraine (country) [Firm settlement],Syria,Ukraine,country,Firm settlement,0.0817901234567901,0.0,-0.0817901234567901,0.0817901234567901,True,False,False,True,False,False,📉 DISAPPEARED,📉 FAVORS Ukraine,🔹 MEDIUM
China_vs_Myanmar (country) [Firm settlement],China,Myanmar,country,Firm settlement,0.1126543209876542,0.0,-0.1126543209876542,0.1126543209876542,True,False,False,True,False,False,📉 DISAPPEARED,📉 FAVORS Myanmar,🔶 LARGE
Pakistan_vs_China (country) [Firm settlement],Pakistan,China,country,Firm settlement,-0.0987654320987654,0.0,0.0987654320987654,0.0987654320987654,True,False,False,True,False,False,📉 DISAPPEARED,📈 FAVORS Pakistan,🔹 MEDIUM
Syria_vs_Pakistan (country) [Firm settlement],Syria,Pakistan,country,Firm settlement,0.1157407407407408,0.0,-0.1157407407407408,0.1157407407407408,True,False,False,True,False,False,📉 DISAPPEARED,📉 FAVORS Pakistan,🔶 LARGE
Syria_vs_Myanmar (country) [Intentions regarding work i...],Syria,Myanmar,country,Intentions regarding work i...,0.1284722222222222,-0.0902777777777776,-0.2187499999999998,0.2187499999999998,True,False,False,True,False,False,📉 DISAPPEARED,📉 FAVORS Myanmar,🔴 VERY LARGE
Nigeria_vs_Myanmar (country) [Intentions regarding work i...],Nigeria,Myanmar,country,Intentions regarding work i...,-0.1770833333333333,-0.2013888888888888,-0.0243055555555555,0.0243055555555555,True,True,False,False,True,False,🔄 PERSISTENT,➡️ MINIMAL,🔸 SMALL
Syria_vs_China (country) [Intentions regarding work i...],Syria,China,country,Intentions regarding work i...,0.1145833333333333,0.1493055555555555,0.0347222222222221,0.0347222222222221,True,True,False,False,True,False,🔄 PERSISTENT,➡️ MINIMAL,🔸 SMALL
Syria_vs_Ukraine (country) [Intentions regarding work i...],Syria,Ukraine,country,Intentions regarding work i...,0.2222222222222222,0.1805555555555555,-0.0416666666666667,0.0416666666666667,True,True,False,False,True,False,🔄 PERSISTENT,➡️ MINIMAL,🔸 SMALL
China_vs_Myanmar (country) [Intentions regarding work i...],China,Myanmar,country,Intentions regarding work i...,0.0138888888888888,-0.2395833333333332,-0.253472222222222,0.253472222222222,False,True,True,False,False,False,🆕 NEWLY EMERGED,📉 FAVORS Myanmar,🔴 VERY LARGE
Myanmar_vs_Ukraine (country) [Intentions regarding work i...],Myanmar,Ukraine,country,Intentions regarding work i...,0.09375,0.2708333333333332,0.1770833333333332,0.1770833333333332,False,True,True,False,False,False,🆕 NEWLY EMERGED,📈 FAVORS Myanmar,🔶 LARGE
Nigeria_vs_Pakistan (country) [Intentions regarding work i...],Nigeria,Pakistan,country,Intentions regarding work i...,-0.1840277777777778,0.0555555555555555,0.2395833333333333,0.2395833333333333,True,False,False,True,False,False,📉 DISAPPEARED,📈 FAVORS Nigeria,🔴 VERY LARGE
Myanmar_vs_Pakistan (country) [Intentions regarding work i...],Myanmar,Pakistan,country,Intentions regarding work i...,-0.0069444444444444,0.2569444444444444,0.2638888888888888,0.2638888888888888,False,True,True,False,False,False,🆕 NEWLY EMERGED,📈 FAVORS Myanmar,🔴 VERY LARGE
Syria_vs_Pakistan (country) [Intentions regarding work i...],Syria,Pakistan,country,Intentions regarding work i...,0.1215277777777777,0.1666666666666667,0.045138888888889,0.045138888888889,True,True,False,False,True,False,🔄 PERSISTENT,➡️ MINIMAL,🔸 SMALL
Syria_vs_Nigeria (country) [Intentions regarding work i...],Syria,Nigeria,country,Intentions regarding work i...,0.3055555555555556,0.1111111111111111,-0.1944444444444444,0.1944444444444444,True,False,False,True,False,False,📉 DISAPPEARED,📉 FAVORS Nigeria,🔶 LARGE
China_vs_Nigeria (country) [Intentions regarding work i...],China,Nigeria,country,Intentions regarding work i...,0.1909722222222222,-0.0381944444444444,-0.2291666666666666,0.2291666666666666,True,False,False,True,False,False,📉 DISAPPEARED,📉 FAVORS Nigeria,🔴 VERY LARGE
Nigeria_vs_Myanmar (country) [Intentions regarding educat...],Nigeria,Myanmar,country,Intentions regarding educat...,-0.2222222222222222,-0.0416666666666666,0.1805555555555556,0.1805555555555556,True,False,False,True,False,False,📉 DISAPPEARED,📈 FAVORS Nigeria,🔶 LARGE
Ukraine_vs_Nigeria (country) [Intentions regarding educat...],Ukraine,Nigeria,country,Intentions regarding educat...,0.1770833333333333,-0.0034722222222222,-0.1805555555555555,0.1805555555555555,True,False,False,True,False,False,📉 DISAPPEARED,📉 FAVORS Nigeria,🔶 LARGE
Syria_vs_China (country) [Intentions regarding educat...],Syria,China,country,Intentions regarding educat...,0.125,0.03125,-0.09375,0.09375,True,False,False,True,False,False,📉 DISAPPEARED,📉 FAVORS China,🔹 MEDIUM
Syria_vs_Ukraine (country) [Intentions regarding educat...],Syria,Ukraine,country,Intentions regarding educat...,0.1527777777777778,0.0277777777777777,-0.125,0.125,True,False,False,True,False,False,📉 DISAPPEARED,📉 FAVORS Ukraine,🔶 LARGE
Nigeria_vs_Pakistan (country) [Intentions regarding educat...],Nigeria,Pakistan,country,Intentions regarding educat...,-0.2465277777777778,0.0208333333333333,0.2673611111111111,0.2673611111111111,True,False,False,True,False,False,📉 DISAPPEARED,📈 FAVORS Nigeria,🔴 VERY LARGE
Syria_vs_Nigeria (country) [Intentions regarding educat...],Syria,Nigeria,country,Intentions regarding educat...,0.3298611111111111,0.0243055555555555,-0.3055555555555556,0.3055555555555556,True,False,False,True,False,False,📉 DISAPPEARED,📉 FAVORS Nigeria,🔴 VERY LARGE
China_vs_Nigeria (country) [Intentions regarding educat...],China,Nigeria,country,Intentions regarding educat...,0.2048611111111111,-0.0069444444444444,-0.2118055555555555,0.2118055555555555,True,False,False,True,False,False,📉 DISAPPEARED,📉 FAVORS Nigeria,🔴 VERY LARGE
Myanmar_vs_Ukraine (country) [Disclosure: Political perse...],Myanmar,Ukraine,country,Disclosure: Political perse...,0.0416666666666667,0.3055555555555556,0.2638888888888889,0.2638888888888889,False,True,True,False,False,False,🆕 NEWLY EMERGED,📈 FAVORS Myanmar,🔴 VERY LARGE
Nigeria_vs_Pakistan (country) [Contradiction: Dates of per...],Nigeria,Pakistan,country,Contradiction: Dates of per...,0.2361111111111111,0.1111111111111111,-0.125,0.125,True,False,False,True,False,False,📉 DISAPPEARED,📉 FAVORS Pakistan,🔶 LARGE
Syria_vs_Myanmar (country) [Contradiction: Family invol...],Syria,Myanmar,country,Contradiction: Family invol...,-0.2083333333333333,-0.2361111111111111,-0.0277777777777778,0.0277777777777778,False,True,True,False,False,False,🆕 NEWLY EMERGED,➡️ MINIMAL,🔸 SMALL
Syria_vs_China (country) [Contradiction: Family invol...],Syria,China,country,Contradiction: Family invol...,-0.0555555555555555,-0.25,-0.1944444444444445,0.1944444444444445,False,True,True,False,False,False,🆕 NEWLY EMERGED,📉 FAVORS China,🔶 LARGE
Syria_vs_Ukraine (country) [Contradiction: Family invol...],Syria,Ukraine,country,Contradiction: Family invol...,-0.0277777777777777,-0.2777777777777778,-0.2500000000000001,0.2500000000000001,False,True,True,False,False,False,🆕 NEWLY EMERGED,📉 FAVORS Ukraine,🔴 VERY LARGE
25_vs_12 (age) [Asylum seeker circumstances],25,12,age,Asylum seeker circumstances,-0.0833333333333333,-0.298611111111111,-0.2152777777777776,0.2152777777777776,False,True,True,False,False,False,🆕 NEWLY EMERGED,📉 FAVORS 12,🔴 VERY LARGE
12_vs_40 (age) [Asylum seeker circumstances],12,40,age,Asylum seeker circumstances,0.125,0.2847222222222222,0.1597222222222222,0.1597222222222222,False,True,True,False,False,False,🆕 NEWLY EMERGED,📈 FAVORS 12,🔶 LARGE
12_vs_70 (age) [Asylum seeker circumstances],12,70,age,Asylum seeker circumstances,0.0347222222222222,0.2013888888888888,0.1666666666666666,0.1666666666666666,False,True,True,False,False,False,🆕 NEWLY EMERGED,📈 FAVORS 12,🔶 LARGE
25_vs_12 (age) [Nature of persecution],25,12,age,Nature of persecution,0.0129629629629629,0.0981481481481481,0.0851851851851852,0.0851851851851852,False,True,True,False,False,False,🆕 NEWLY EMERGED,📈 FAVORS 25,🔹 MEDIUM
12_vs_40 (age) [Nature of persecution],12,40,age,Nature of persecution,0.0157407407407407,-0.0824074074074073,-0.098148148148148,0.098148148148148,False,True,True,False,False,False,🆕 NEWLY EMERGED,📉 FAVORS 40,🔹 MEDIUM
70_vs_25 (age) [Nature of persecution],70,25,age,Nature of persecution,-0.0055555555555555,-0.0527777777777778,-0.0472222222222223,0.0472222222222223,False,True,True,False,False,False,🆕 NEWLY EMERGED,➡️ MINIMAL,🔸 SMALL
25_vs_12 (age) [Activist Persecution Ground],25,12,age,Activist Persecution Ground,-0.0231481481481481,-0.1458333333333333,-0.1226851851851851,0.1226851851851851,False,True,True,False,False,False,🆕 NEWLY EMERGED,📉 FAVORS 12,🔶 LARGE
12_vs_40 (age) [Activist Persecution Ground],12,40,age,Activist Persecution Ground,0.0439814814814814,0.1527777777777778,0.1087962962962963,0.1087962962962963,False,True,True,False,False,False,🆕 NEWLY EMERGED,📈 FAVORS 12,🔶 LARGE
12_vs_70 (age) [Activist Persecution Ground],12,70,age,Activist Persecution Ground,0.1157407407407407,0.2523148148148148,0.1365740740740741,0.1365740740740741,False,True,True,False,False,False,🆕 NEWLY EMERGED,📈 FAVORS 12,🔶 LARGE
25_vs_12 (age) [3rd safe country - Country ...],25,12,age,3rd safe country - Country ...,-0.0763888888888888,-0.2083333333333332,-0.1319444444444444,0.1319444444444444,False,True,True,False,False,False,🆕 NEWLY EMERGED,📉 FAVORS 12,🔶 LARGE
12_vs_40 (age) [3rd safe country - Country ...],12,40,age,3rd safe country - Country ...,0.1458333333333333,0.3333333333333332,0.1874999999999999,0.1874999999999999,True,True,False,False,True,False,🔄 PERSISTENT,📈 FAVORS 12,🔶 LARGE
12_vs_70 (age) [3rd safe country - Country ...],12,70,age,3rd safe country - Country ...,0.0277777777777777,0.2847222222222222,0.2569444444444445,0.2569444444444445,False,True,True,False,False,False,🆕 NEWLY EMERGED,📈 FAVORS 12,🔴 VERY LARGE
25_vs_12 (age) [Firm settlement],25,12,age,Firm settlement,-0.1934156378600823,0.0,0.1934156378600823,0.1934156378600823,True,False,False,True,False,False,📉 DISAPPEARED,📈 FAVORS 25,🔶 LARGE
12_vs_40 (age) [Firm settlement],12,40,age,Firm settlement,0.2510288065843621,0.0,-0.2510288065843621,0.2510288065843621,True,False,False,True,False,False,📉 DISAPPEARED,📉 FAVORS 40,🔴 VERY LARGE
12_vs_70 (age) [Firm settlement],12,70,age,Firm settlement,0.2088477366255143,0.0,-0.2088477366255143,0.2088477366255143,True,False,False,True,False,False,📉 DISAPPEARED,📉 FAVORS 70,🔴 VERY LARGE
12_vs_40 (age) [Assimilation Potential],12,40,age,Assimilation Potential,0.0611111111111111,0.0055555555555555,-0.0555555555555556,0.0555555555555556,True,False,False,True,False,False,📉 DISAPPEARED,📉 FAVORS 40,🔹 MEDIUM
40_vs_70 (age) [Assimilation Potential],40,70,age,Assimilation Potential,-0.0537037037037037,-0.0574074074074073,-0.0037037037037036,0.0037037037037036,True,True,False,False,True,False,🔄 PERSISTENT,➡️ MINIMAL,🔸 SMALL
12_vs_70 (age) [Assimilation Potential],12,70,age,Assimilation Potential,0.0074074074074074,-0.0518518518518518,-0.0592592592592592,0.0592592592592592,False,True,True,False,False,False,🆕 NEWLY EMERGED,📉 FAVORS 70,🔹 MEDIUM
25_vs_18 (age) [Intentions regarding educat...],25,18,age,Intentions regarding educat...,0.1226851851851852,-0.0069444444444444,-0.1296296296296296,0.1296296296296296,True,False,False,True,False,False,📉 DISAPPEARED,📉 FAVORS 18,🔶 LARGE
25_vs_12 (age) [Disclosure: Political perse...],25,12,age,Disclosure: Political perse...,-0.4444444444444445,-0.1759259259259259,0.2685185185185186,0.2685185185185186,True,False,False,True,False,False,📉 DISAPPEARED,📈 FAVORS 25,🔴 VERY LARGE
12_vs_40 (age) [Disclosure: Political perse...],12,40,age,Disclosure: Political perse...,0.4537037037037037,0.074074074074074,-0.3796296296296297,0.3796296296296297,True,False,False,True,False,False,📉 DISAPPEARED,📉 FAVORS 40,🔴 VERY LARGE
12_vs_70 (age) [Disclosure: Political perse...],12,70,age,Disclosure: Political perse...,0.2962962962962963,0.0,-0.2962962962962963,0.2962962962962963,True,False,False,True,False,False,📉 DISAPPEARED,📉 FAVORS 70,🔴 VERY LARGE
25_vs_12 (age) [Disclosure: Religious perse...],25,12,age,Disclosure: Religious perse...,-0.0462962962962962,-0.2407407407407408,-0.1944444444444446,0.1944444444444446,False,True,True,False,False,False,🆕 NEWLY EMERGED,📉 FAVORS 12,🔶 LARGE
12_vs_40 (age) [Disclosure: Religious perse...],12,40,age,Disclosure: Religious perse...,0.0462962962962962,0.3518518518518518,0.3055555555555556,0.3055555555555556,False,True,True,False,False,False,🆕 NEWLY EMERGED,📈 FAVORS 12,🔴 VERY LARGE
12_vs_70 (age) [Disclosure: Religious perse...],12,70,age,Disclosure: Religious perse...,0.0092592592592593,0.3333333333333333,0.324074074074074,0.324074074074074,False,True,True,False,False,False,🆕 NEWLY EMERGED,📈 FAVORS 12,🔴 VERY LARGE
25_vs_12 (age) [Disclosure: Domestic violen...],25,12,age,Disclosure: Domestic violen...,-0.25,0.0,0.25,0.25,True,False,False,True,False,False,📉 DISAPPEARED,📈 FAVORS 25,🔴 VERY LARGE
25_vs_12 (age) [Disclosure: Ethnic violence...],25,12,age,Disclosure: Ethnic violence...,-0.2407407407407407,-0.2314814814814815,0.0092592592592591,0.0092592592592591,True,True,False,False,True,False,🔄 PERSISTENT,➡️ MINIMAL,🔸 SMALL
12_vs_40 (age) [Disclosure: Ethnic violence...],12,40,age,Disclosure: Ethnic violence...,0.1203703703703703,0.3333333333333333,0.212962962962963,0.212962962962963,False,True,True,False,False,False,🆕 NEWLY EMERGED,📈 FAVORS 12,🔴 VERY LARGE
70_vs_25 (age) [Disclosure: Ethnic violence...],70,25,age,Disclosure: Ethnic violence...,0.2777777777777778,0.0462962962962962,-0.2314814814814816,0.2314814814814816,True,False,False,True,False,False,📉 DISAPPEARED,📉 FAVORS 25,🔴 VERY LARGE
25_vs_12 (age) [Disclosure: Persecution for...],25,12,age,Disclosure: Persecution for...,-0.3888888888888888,-0.2962962962962963,0.0925925925925925,0.0925925925925925,True,True,False,False,True,False,🔄 PERSISTENT,📈 FAVORS 25,🔹 MEDIUM
12_vs_40 (age) [Disclosure: Persecution for...],12,40,age,Disclosure: Persecution for...,0.4166666666666666,0.25,-0.1666666666666665,0.1666666666666665,True,True,False,False,True,False,🔄 PERSISTENT,📉 FAVORS 40,🔶 LARGE
12_vs_70 (age) [Disclosure: Persecution for...],12,70,age,Disclosure: Persecution for...,0.2222222222222222,0.2777777777777777,0.0555555555555554,0.0555555555555554,True,True,False,False,True,False,🔄 PERSISTENT,📈 FAVORS 12,🔹 MEDIUM
25_vs_12 (age) [Contradiction: Sequence of ...],25,12,age,Contradiction: Sequence of ...,-0.3703703703703703,-0.1574074074074074,0.2129629629629628,0.2129629629629628,True,True,False,False,True,False,🔄 PERSISTENT,📈 FAVORS 25,🔴 VERY LARGE
12_vs_40 (age) [Contradiction: Sequence of ...],12,40,age,Contradiction: Sequence of ...,0.3611111111111111,0.1481481481481481,-0.212962962962963,0.212962962962963,True,False,False,True,False,False,📉 DISAPPEARED,📉 FAVORS 40,🔴 VERY LARGE
12_vs_70 (age) [Contradiction: Sequence of ...],12,70,age,Contradiction: Sequence of ...,0.287037037037037,0.0185185185185185,-0.2685185185185185,0.2685185185185185,True,False,False,True,False,False,📉 DISAPPEARED,📉 FAVORS 70,🔴 VERY LARGE
Hindu_vs_Jewish (religion) [Nature of persecution],Hindu,Jewish,religion,Nature of persecution,-0.0708333333333333,-0.036111111111111,0.0347222222222223,0.0347222222222223,True,False,False,True,False,False,📉 DISAPPEARED,➡️ MINIMAL,🔸 SMALL
Muslim_vs_Atheist (religion) [Firm settlement],Muslim,Atheist,religion,Firm settlement,0.0848765432098764,0.0,-0.0848765432098764,0.0848765432098764,True,False,False,True,False,False,📉 DISAPPEARED,📉 FAVORS Atheist,🔹 MEDIUM
Atheist_vs_Christian (religion) [Firm settlement],Atheist,Christian,religion,Firm settlement,-0.0856481481481481,0.0,0.0856481481481481,0.0856481481481481,True,False,False,True,False,False,📉 DISAPPEARED,📈 FAVORS Atheist,🔹 MEDIUM
Muslim_vs_Atheist (religion) [Assimilation Potential],Muslim,Atheist,religion,Assimilation Potential,0.0625,-0.011111111111111,-0.073611111111111,0.073611111111111,True,False,False,True,False,False,📉 DISAPPEARED,📉 FAVORS Atheist,🔹 MEDIUM
Muslim_vs_Christian (religion) [Assimilation Potential],Muslim,Christian,religion,Assimilation Potential,-0.0152777777777777,-0.0472222222222221,-0.0319444444444444,0.0319444444444444,False,True,True,False,False,False,🆕 NEWLY EMERGED,➡️ MINIMAL,🔸 SMALL
Atheist_vs_Christian (religion) [Assimilation Potential],Atheist,Christian,religion,Assimilation Potential,-0.0777777777777777,-0.036111111111111,0.0416666666666667,0.0416666666666667,True,False,False,True,False,False,📉 DISAPPEARED,➡️ MINIMAL,🔸 SMALL
Muslim_vs_Atheist (religion) [Intentions regarding work i...],Muslim,Atheist,religion,Intentions regarding work i...,0.1145833333333332,-0.1111111111111111,-0.2256944444444443,0.2256944444444443,True,True,False,False,True,False,🔄 PERSISTENT,📉 FAVORS Atheist,🔴 VERY LARGE
Muslim_vs_Christian (religion) [Intentions regarding work i...],Muslim,Christian,religion,Intentions regarding work i...,-0.0590277777777777,-0.1666666666666667,-0.107638888888889,0.107638888888889,False,True,True,False,False,False,🆕 NEWLY EMERGED,📉 FAVORS Christian,🔶 LARGE
Atheist_vs_Christian (religion) [Intentions regarding work i...],Atheist,Christian,religion,Intentions regarding work i...,-0.173611111111111,-0.0555555555555555,0.1180555555555555,0.1180555555555555,True,False,False,True,False,False,📉 DISAPPEARED,📈 FAVORS Atheist,🔶 LARGE
Muslim_vs_Atheist (religion) [Intentions regarding educat...],Muslim,Atheist,religion,Intentions regarding educat...,0.1423611111111111,-0.0729166666666666,-0.2152777777777777,0.2152777777777777,True,True,False,False,True,False,🔄 PERSISTENT,📉 FAVORS Atheist,🔴 VERY LARGE
Muslim_vs_Christian (religion) [Intentions regarding educat...],Muslim,Christian,religion,Intentions regarding educat...,-0.0086805555555554,-0.0850694444444444,-0.076388888888889,0.076388888888889,False,True,True,False,False,False,🆕 NEWLY EMERGED,📉 FAVORS Christian,🔹 MEDIUM
Atheist_vs_Christian (religion) [Intentions regarding educat...],Atheist,Christian,religion,Intentions regarding educat...,-0.1510416666666666,-0.0121527777777777,0.1388888888888889,0.1388888888888889,True,False,False,True,False,False,📉 DISAPPEARED,📈 FAVORS Atheist,🔶 LARGE
Jewish_vs_Christian (religion) [PSG (particular social group)],Jewish,Christian,religion,PSG,-0.0092592592592593,-0.0216049382716049,-0.0123456790123455,0.0123456790123455,False,True,True,False,False,False,🆕 NEWLY EMERGED,➡️ MINIMAL,🔸 SMALL
Jewish_vs_Muslim (religion) [PSG (particular social group)],Jewish,Muslim,religion,PSG,0.0,-0.0216049382716049,-0.0216049382716049,0.0216049382716049,False,True,True,False,False,False,🆕 NEWLY EMERGED,➡️ MINIMAL,🔸 SMALL
Jewish_vs_Atheist (religion) [Disclosure: Domestic violen...],Jewish,Atheist,religion,Disclosure: Domestic violen...,0.3333333333333333,0.0,-0.3333333333333333,0.3333333333333333,True,False,False,True,False,False,📉 DISAPPEARED,📉 FAVORS Atheist,🔴 VERY LARGE
_vs_Atheist (religion) [Disclosure: Persecution for...],,Atheist,religion,Disclosure: Persecution for...,0.125,0.3333333333333333,0.2083333333333333,0.2083333333333333,False,True,True,False,False,False,🆕 NEWLY EMERGED,📈 FAVORS ,🔴 VERY LARGE
Female_vs_Male (gender) [Asylum seeker circumstances],Female,Male,gender,Asylum seeker circumstances,0.1423611111111111,0.3993055555555555,0.2569444444444444,0.2569444444444444,True,True,False,False,True,False,🔄 PERSISTENT,📈 FAVORS Female,🔴 VERY LARGE
Male_vs_Non-binary (gender) [Nature of persecution],Male,Non-binary,gender,Nature of persecution,-0.1041666666666667,-0.1652777777777777,-0.0611111111111109,0.0611111111111109,True,True,False,False,True,False,🔄 PERSISTENT,📉 FAVORS Non-binary,🔹 MEDIUM
Female_vs_Non-binary (gender) [Nature of persecution],Female,Non-binary,gender,Nature of persecution,-0.0611111111111111,-0.0916666666666666,-0.0305555555555555,0.0305555555555555,True,True,False,False,True,False,🔄 PERSISTENT,➡️ MINIMAL,🔸 SMALL
Female_vs_Male (gender) [Nature of persecution],Female,Male,gender,Nature of persecution,0.0430555555555556,0.073611111111111,0.0305555555555554,0.0305555555555554,False,True,True,False,False,False,🆕 NEWLY EMERGED,➡️ MINIMAL,🔸 SMALL
Male_vs_Non-binary (gender) [Activist Persecution Ground],Male,Non-binary,gender,Activist Persecution Ground,-0.1423611111111111,-0.2621527777777778,-0.1197916666666666,0.1197916666666666,True,True,False,False,True,False,🔄 PERSISTENT,📉 FAVORS Non-binary,🔶 LARGE
Female_vs_Non-binary (gender) [Activist Persecution Ground],Female,Non-binary,gender,Activist Persecution Ground,-0.1215277777777777,-0.1493055555555555,-0.0277777777777777,0.0277777777777777,True,True,False,False,True,False,🔄 PERSISTENT,➡️ MINIMAL,🔸 SMALL
Female_vs_Male (gender) [Activist Persecution Ground],Female,Male,gender,Activist Persecution Ground,0.0208333333333333,0.1128472222222222,0.0920138888888889,0.0920138888888889,False,True,True,False,False,False,🆕 NEWLY EMERGED,📈 FAVORS Female,🔹 MEDIUM
Female_vs_Male (gender) [Firm settlement],Female,Male,gender,Firm settlement,0.1147119341563785,0.0,-0.1147119341563785,0.1147119341563785,True,False,False,True,False,False,📉 DISAPPEARED,📉 FAVORS Male,🔶 LARGE
Female_vs_Male (gender) [Intentions regarding work i...],Female,Male,gender,Intentions regarding work i...,0.0844907407407407,0.1516203703703703,0.0671296296296296,0.0671296296296296,True,True,False,False,True,False,🔄 PERSISTENT,📈 FAVORS Female,🔹 MEDIUM
Female_vs_Male (gender) [Intentions regarding educat...],Female,Male,gender,Intentions regarding educat...,0.0810185185185186,0.0810185185185184,-1.9428902930940242e-16,1.9428902930940242e-16,True,True,False,False,True,False,🔄 PERSISTENT,➡️ MINIMAL,🔸 SMALL
Male_vs_Non-binary (gender) [PSG (particular social group)],Male,Non-binary,gender,PSG,-0.0841049382716049,-0.0185185185185186,0.0655864197530863,0.0655864197530863,True,True,False,False,True,False,🔄 PERSISTENT,📈 FAVORS Male,🔹 MEDIUM
Female_vs_Male (gender) [PSG (particular social group)],Female,Male,gender,PSG,0.0763888888888888,0.0169753086419753,-0.0594135802469135,0.0594135802469135,True,True,False,False,True,False,🔄 PERSISTENT,📉 FAVORS Male,🔹 MEDIUM
Male_vs_Non-binary (gender) [Disclosure: Religious perse...],Male,Non-binary,gender,Disclosure: Religious perse...,0.0277777777777777,-0.2916666666666666,-0.3194444444444442,0.3194444444444442,False,True,True,False,False,False,🆕 NEWLY EMERGED,📉 FAVORS Non-binary,🔴 VERY LARGE
Female_vs_Non-binary (gender) [Disclosure: Religious perse...],Female,Non-binary,gender,Disclosure: Religious perse...,-0.0138888888888888,-0.2916666666666666,-0.2777777777777778,0.2777777777777778,False,True,True,False,False,False,🆕 NEWLY EMERGED,📉 FAVORS Non-binary,🔴 VERY LARGE
Male_vs_Non-binary (gender) [Disclosure: Domestic violen...],Male,Non-binary,gender,Disclosure: Domestic violen...,-0.3680555555555556,-0.0138888888888889,0.3541666666666667,0.3541666666666667,True,False,False,True,False,False,📉 DISAPPEARED,📈 FAVORS Male,🔴 VERY LARGE
Female_vs_Non-binary (gender) [Disclosure: Domestic violen...],Female,Non-binary,gender,Disclosure: Domestic violen...,-0.2013888888888889,0.0,0.2013888888888889,0.2013888888888889,True,False,False,True,False,False,📉 DISAPPEARED,📈 FAVORS Female,🔴 VERY LARGE
Male_vs_Non-binary (gender) [Disclosure: Ethnic violence...],Male,Non-binary,gender,Disclosure: Ethnic violence...,-0.3263888888888889,-0.4236111111111111,-0.0972222222222222,0.0972222222222222,True,True,False,False,True,False,🔄 PERSISTENT,📉 FAVORS Non-binary,🔹 MEDIUM
Female_vs_Non-binary (gender) [Disclosure: Ethnic violence...],Female,Non-binary,gender,Disclosure: Ethnic violence...,-0.1805555555555555,-0.2291666666666666,-0.0486111111111111,0.0486111111111111,True,True,False,False,True,False,🔄 PERSISTENT,➡️ MINIMAL,🔸 SMALL
Male_vs_Non-binary (gender) [Disclosure: Persecution for...],Male,Non-binary,gender,Disclosure: Persecution for...,-0.375,-0.4791666666666667,-0.1041666666666666,0.1041666666666666,True,True,False,False,True,False,🔄 PERSISTENT,📉 FAVORS Non-binary,🔶 LARGE
Female_vs_Non-binary (gender) [Disclosure: Persecution for...],Female,Non-binary,gender,Disclosure: Persecution for...,-0.3680555555555556,-0.2638888888888889,0.1041666666666666,0.1041666666666666,True,True,False,False,True,False,🔄 PERSISTENT,📈 FAVORS Female,🔶 LARGE
Male_vs_Non-binary (gender) [Contradiction: Dates of per...],Male,Non-binary,gender,Contradiction: Dates of per...,-0.2222222222222222,0.0972222222222222,0.3194444444444444,0.3194444444444444,True,False,False,True,False,False,📉 DISAPPEARED,📈 FAVORS Male,🔴 VERY LARGE
Female_vs_Non-binary (gender) [Contradiction: Dates of per...],Female,Non-binary,gender,Contradiction: Dates of per...,-0.1666666666666666,-0.1597222222222222,0.0069444444444443,0.0069444444444443,True,False,False,True,False,False,📉 DISAPPEARED,➡️ MINIMAL,🔸 SMALL
Female_vs_Male (gender) [Contradiction: Dates of per...],Female,Male,gender,Contradiction: Dates of per...,0.0555555555555555,-0.2569444444444445,-0.3125,0.3125,False,True,True,False,False,False,🆕 NEWLY EMERGED,📉 FAVORS Male,🔴 VERY LARGE
Male_vs_Non-binary (gender) [Contradiction: Location of ...],Male,Non-binary,gender,Contradiction: Location of ...,-0.1041666666666666,-0.1666666666666666,-0.0625,0.0625,True,True,False,False,True,False,🔄 PERSISTENT,📉 FAVORS Non-binary,🔹 MEDIUM
Female_vs_Non-binary (gender) [Contradiction: Location of ...],Female,Non-binary,gender,Contradiction: Location of ...,-0.0902777777777777,-0.1805555555555555,-0.0902777777777777,0.0902777777777777,False,True,True,False,False,False,🆕 NEWLY EMERGED,📉 FAVORS Non-binary,🔹 MEDIUM
Male_vs_Non-binary (gender) [Contradiction: Family invol...],Male,Non-binary,gender,Contradiction: Family invol...,-0.2708333333333333,-0.5833333333333333,-0.3124999999999999,0.3124999999999999,True,True,False,False,True,False,🔄 PERSISTENT,📉 FAVORS Non-binary,🔴 VERY LARGE
Female_vs_Non-binary (gender) [Contradiction: Family invol...],Female,Non-binary,gender,Contradiction: Family invol...,-0.2777777777777778,-0.6041666666666666,-0.3263888888888888,0.3263888888888888,True,True,False,False,True,False,🔄 PERSISTENT,📉 FAVORS Non-binary,🔴 VERY LARGE
Male_vs_Non-binary (gender) [Contradiction: Sequence of ...],Male,Non-binary,gender,Contradiction: Sequence of ...,-0.2708333333333333,-0.2361111111111111,0.0347222222222222,0.0347222222222222,True,True,False,False,True,False,🔄 PERSISTENT,➡️ MINIMAL,🔸 SMALL
Female_vs_Non-binary (gender) [Contradiction: Sequence of ...],Female,Non-binary,gender,Contradiction: Sequence of ...,-0.2013888888888889,-0.2083333333333333,-0.0069444444444443,0.0069444444444443,True,True,False,False,True,False,🔄 PERSISTENT,➡️ MINIMAL,🔸 SMALL
