comparison_label,group1,group2,protected_attribute,topic,pre_brexit_sp,post_brexit_sp,sp_change,pre_brexit_significant,post_brexit_significant,gained_significance,lost_significance,both_significant,neither_significant,fdr_significant,abs_sp_change
Syria_vs_Myanmar (country) [Asylum seeker circumstances],Syria,Myanmar,country,Asylum seeker circumstances,0.0416666666666666,-0.1875,-0.2291666666666666,False,False,False,False,False,True,False,0.2291666666666666
Nigeria_vs_Myanmar (country) [Asylum seeker circumstances],Nigeria,Myanmar,country,Asylum seeker circumstances,-0.03125,-0.25,-0.21875,False,True,True,False,False,False,True,0.21875
Ukraine_vs_Nigeria (country) [Asylum seeker circumstances],Ukraine,Nigeria,country,Asylum seeker circumstances,-0.0520833333333333,0.1979166666666666,0.2499999999999999,False,False,False,False,False,True,False,0.2499999999999999
Syria_vs_China (country) [Asylum seeker circumstances],Syria,China,country,Asylum seeker circumstances,0.2291666666666666,0.3645833333333333,0.1354166666666667,True,True,False,False,True,False,True,0.1354166666666667
Syria_vs_Ukraine (country) [Asylum seeker circumstances],Syria,Ukraine,country,Asylum seeker circumstances,0.1249999999999999,-0.1354166666666666,-0.2604166666666665,False,False,False,False,False,True,False,0.2604166666666665
China_vs_Myanmar (country) [Asylum seeker circumstances],China,Myanmar,country,Asylum seeker circumstances,-0.1875,-0.5520833333333334,-0.3645833333333333,True,True,False,False,True,False,True,0.3645833333333333
Myanmar_vs_Ukraine (country) [Asylum seeker circumstances],Myanmar,Ukraine,country,Asylum seeker circumstances,0.0833333333333333,0.0520833333333333,-0.03125,False,False,False,False,False,True,False,0.03125
China_vs_Ukraine (country) [Asylum seeker circumstances],China,Ukraine,country,Asylum seeker circumstances,-0.1041666666666666,-0.5,-0.3958333333333333,False,True,True,False,False,False,True,0.3958333333333333
Nigeria_vs_Pakistan (country) [Asylum seeker circumstances],Nigeria,Pakistan,country,Asylum seeker circumstances,-0.0520833333333333,-0.0520833333333332,1.0408340855860844e-16,False,False,False,False,False,True,False,1.0408340855860844e-16
Myanmar_vs_Pakistan (country) [Asylum seeker circumstances],Myanmar,Pakistan,country,Asylum seeker circumstances,-0.0208333333333333,0.1979166666666667,0.21875,False,False,False,False,False,True,False,0.21875
Pakistan_vs_China (country) [Asylum seeker circumstances],Pakistan,China,country,Asylum seeker circumstances,0.2083333333333333,0.3541666666666666,0.1458333333333333,True,True,False,False,True,False,True,0.1458333333333333
Pakistan_vs_Ukraine (country) [Asylum seeker circumstances],Pakistan,Ukraine,country,Asylum seeker circumstances,0.1041666666666666,-0.1458333333333333,-0.2499999999999999,False,False,False,False,False,True,False,0.2499999999999999
Syria_vs_Pakistan (country) [Asylum seeker circumstances],Syria,Pakistan,country,Asylum seeker circumstances,0.0208333333333333,0.0104166666666667,-0.0104166666666666,False,False,False,False,False,True,False,0.0104166666666666
Syria_vs_Nigeria (country) [Asylum seeker circumstances],Syria,Nigeria,country,Asylum seeker circumstances,0.0729166666666666,0.0625,-0.0104166666666666,False,False,False,False,False,True,False,0.0104166666666666
China_vs_Nigeria (country) [Asylum seeker circumstances],China,Nigeria,country,Asylum seeker circumstances,-0.15625,-0.3020833333333333,-0.1458333333333333,True,True,False,False,True,False,True,0.1458333333333333
Syria_vs_Myanmar (country) [Nature of persecution],Syria,Myanmar,country,Nature of persecution,0.0194444444444444,-0.0097222222222221,-0.0291666666666665,False,False,False,False,False,True,False,0.0291666666666665
Nigeria_vs_Myanmar (country) [Nature of persecution],Nigeria,Myanmar,country,Nature of persecution,-0.0597222222222222,-0.011111111111111,0.0486111111111111,False,False,False,False,False,True,False,0.0486111111111111
Ukraine_vs_Nigeria (country) [Nature of persecution],Ukraine,Nigeria,country,Nature of persecution,0.0402777777777778,-0.0541666666666666,-0.0944444444444444,False,False,False,False,False,True,False,0.0944444444444444
Syria_vs_China (country) [Nature of persecution],Syria,China,country,Nature of persecution,-0.0055555555555555,0.0027777777777778,0.0083333333333333,False,False,False,False,False,True,False,0.0083333333333333
Syria_vs_Ukraine (country) [Nature of persecution],Syria,Ukraine,country,Nature of persecution,0.0388888888888888,0.0555555555555555,0.0166666666666666,False,False,False,False,False,True,False,0.0166666666666666
China_vs_Myanmar (country) [Nature of persecution],China,Myanmar,country,Nature of persecution,0.025,-0.0125,-0.0375,False,False,False,False,False,True,False,0.0375
Myanmar_vs_Ukraine (country) [Nature of persecution],Myanmar,Ukraine,country,Nature of persecution,0.0194444444444443,0.0652777777777777,0.0458333333333334,False,True,True,False,False,False,True,0.0458333333333334
China_vs_Ukraine (country) [Nature of persecution],China,Ukraine,country,Nature of persecution,0.0444444444444444,0.0527777777777777,0.0083333333333333,False,False,False,False,False,True,False,0.0083333333333333
Nigeria_vs_Pakistan (country) [Nature of persecution],Nigeria,Pakistan,country,Nature of persecution,-0.0347222222222222,0.0291666666666666,0.0638888888888888,False,False,False,False,False,True,False,0.0638888888888888
Myanmar_vs_Pakistan (country) [Nature of persecution],Myanmar,Pakistan,country,Nature of persecution,0.025,0.0402777777777777,0.0152777777777776,False,False,False,False,False,True,False,0.0152777777777776
Pakistan_vs_China (country) [Nature of persecution],Pakistan,China,country,Nature of persecution,-0.05,-0.0277777777777776,0.0222222222222224,False,False,False,False,False,True,False,0.0222222222222224
Pakistan_vs_Ukraine (country) [Nature of persecution],Pakistan,Ukraine,country,Nature of persecution,-0.0055555555555556,0.025,0.0305555555555556,False,False,False,False,False,True,False,0.0305555555555556
Syria_vs_Pakistan (country) [Nature of persecution],Syria,Pakistan,country,Nature of persecution,0.0444444444444445,0.0305555555555555,-0.013888888888889,False,False,False,False,False,True,False,0.013888888888889
Syria_vs_Nigeria (country) [Nature of persecution],Syria,Nigeria,country,Nature of persecution,0.0791666666666667,0.0013888888888888,-0.0777777777777779,True,False,False,True,False,False,True,0.0777777777777779
China_vs_Nigeria (country) [Nature of persecution],China,Nigeria,country,Nature of persecution,0.0847222222222222,-0.0013888888888889,-0.0861111111111111,True,False,False,True,False,False,True,0.0861111111111111
Syria_vs_Myanmar (country) [Non-Refoulement - Intercept...],Syria,Myanmar,country,Non-Refoulement - Intercept...,0.0,0.0208333333333333,0.0208333333333333,False,False,False,False,False,True,False,0.0208333333333333
Nigeria_vs_Myanmar (country) [Non-Refoulement - Intercept...],Nigeria,Myanmar,country,Non-Refoulement - Intercept...,-0.09375,0.0416666666666667,0.1354166666666666,False,False,False,False,False,True,False,0.1354166666666666
Ukraine_vs_Nigeria (country) [Non-Refoulement - Intercept...],Ukraine,Nigeria,country,Non-Refoulement - Intercept...,0.0104166666666666,-0.0208333333333333,-0.0312499999999999,False,False,False,False,False,True,False,0.0312499999999999
Syria_vs_China (country) [Non-Refoulement - Intercept...],Syria,China,country,Non-Refoulement - Intercept...,0.0520833333333333,-0.0104166666666666,-0.0624999999999999,False,False,False,False,False,True,False,0.0624999999999999
Syria_vs_Ukraine (country) [Non-Refoulement - Intercept...],Syria,Ukraine,country,Non-Refoulement - Intercept...,0.0833333333333333,0.0,-0.0833333333333333,False,False,False,False,False,True,False,0.0833333333333333
China_vs_Myanmar (country) [Non-Refoulement - Intercept...],China,Myanmar,country,Non-Refoulement - Intercept...,-0.0520833333333333,0.03125,0.0833333333333333,False,False,False,False,False,True,False,0.0833333333333333
Myanmar_vs_Ukraine (country) [Non-Refoulement - Intercept...],Myanmar,Ukraine,country,Non-Refoulement - Intercept...,0.0833333333333333,-0.0208333333333333,-0.1041666666666666,False,False,False,False,False,True,False,0.1041666666666666
China_vs_Ukraine (country) [Non-Refoulement - Intercept...],China,Ukraine,country,Non-Refoulement - Intercept...,0.03125,0.0104166666666666,-0.0208333333333333,False,False,False,False,False,True,False,0.0208333333333333
Nigeria_vs_Pakistan (country) [Non-Refoulement - Intercept...],Nigeria,Pakistan,country,Non-Refoulement - Intercept...,-0.0625,0.0,0.0625,False,False,False,False,False,True,False,0.0625
Myanmar_vs_Pakistan (country) [Non-Refoulement - Intercept...],Myanmar,Pakistan,country,Non-Refoulement - Intercept...,0.03125,-0.0416666666666667,-0.0729166666666667,False,False,False,False,False,True,False,0.0729166666666667
Pakistan_vs_China (country) [Non-Refoulement - Intercept...],Pakistan,China,country,Non-Refoulement - Intercept...,0.0208333333333333,0.0104166666666667,-0.0104166666666666,False,False,False,False,False,True,False,0.0104166666666666
Pakistan_vs_Ukraine (country) [Non-Refoulement - Intercept...],Pakistan,Ukraine,country,Non-Refoulement - Intercept...,0.0520833333333333,0.0208333333333333,-0.03125,False,False,False,False,False,True,False,0.03125
Syria_vs_Pakistan (country) [Non-Refoulement - Intercept...],Syria,Pakistan,country,Non-Refoulement - Intercept...,0.03125,-0.0208333333333333,-0.0520833333333333,False,False,False,False,False,True,False,0.0520833333333333
Syria_vs_Nigeria (country) [Non-Refoulement - Intercept...],Syria,Nigeria,country,Non-Refoulement - Intercept...,0.09375,-0.0208333333333333,-0.1145833333333333,False,False,False,False,False,True,False,0.1145833333333333
China_vs_Nigeria (country) [Non-Refoulement - Intercept...],China,Nigeria,country,Non-Refoulement - Intercept...,0.0416666666666666,-0.0104166666666667,-0.0520833333333333,False,False,False,False,False,True,False,0.0520833333333333
Syria_vs_Myanmar (country) [Activist Persecution Ground],Syria,Myanmar,country,Activist Persecution Ground,-0.1111111111111111,0.1180555555555555,0.2291666666666666,False,False,False,False,False,True,False,0.2291666666666666
Nigeria_vs_Myanmar (country) [Activist Persecution Ground],Nigeria,Myanmar,country,Activist Persecution Ground,-0.1284722222222222,0.0555555555555555,0.1840277777777777,False,False,False,False,False,True,False,0.1840277777777777
Ukraine_vs_Nigeria (country) [Activist Persecution Ground],Ukraine,Nigeria,country,Activist Persecution Ground,0.0451388888888888,0.0034722222222222,-0.0416666666666665,False,False,False,False,False,True,False,0.0416666666666665
Syria_vs_China (country) [Activist Persecution Ground],Syria,China,country,Activist Persecution Ground,-0.0104166666666667,0.0555555555555555,0.0659722222222222,False,False,False,False,False,True,False,0.0659722222222222
Syria_vs_Ukraine (country) [Activist Persecution Ground],Syria,Ukraine,country,Activist Persecution Ground,-0.0277777777777777,0.0590277777777777,0.0868055555555554,False,False,False,False,False,True,False,0.0868055555555554
China_vs_Myanmar (country) [Activist Persecution Ground],China,Myanmar,country,Activist Persecution Ground,-0.1006944444444444,0.0625,0.1631944444444444,False,False,False,False,False,True,False,0.1631944444444444
Myanmar_vs_Ukraine (country) [Activist Persecution Ground],Myanmar,Ukraine,country,Activist Persecution Ground,0.0833333333333333,-0.0590277777777777,-0.142361111111111,False,False,False,False,False,True,False,0.142361111111111
China_vs_Ukraine (country) [Activist Persecution Ground],China,Ukraine,country,Activist Persecution Ground,-0.017361111111111,0.0034722222222222,0.0208333333333332,False,False,False,False,False,True,False,0.0208333333333332
Nigeria_vs_Pakistan (country) [Activist Persecution Ground],Nigeria,Pakistan,country,Activist Persecution Ground,-0.0555555555555555,0.1215277777777777,0.1770833333333332,False,False,False,False,False,True,False,0.1770833333333332
Myanmar_vs_Pakistan (country) [Activist Persecution Ground],Myanmar,Pakistan,country,Activist Persecution Ground,0.0729166666666666,0.0659722222222222,-0.0069444444444444,False,False,False,False,False,True,False,0.0069444444444444
Pakistan_vs_China (country) [Activist Persecution Ground],Pakistan,China,country,Activist Persecution Ground,0.0277777777777777,-0.1284722222222222,-0.1562499999999999,False,False,False,False,False,True,False,0.1562499999999999
Pakistan_vs_Ukraine (country) [Activist Persecution Ground],Pakistan,Ukraine,country,Activist Persecution Ground,0.0104166666666667,-0.125,-0.1354166666666667,False,False,False,False,False,True,False,0.1354166666666667
Syria_vs_Pakistan (country) [Activist Persecution Ground],Syria,Pakistan,country,Activist Persecution Ground,-0.0381944444444445,0.1840277777777777,0.2222222222222222,False,True,True,False,False,False,True,0.2222222222222222
Syria_vs_Nigeria (country) [Activist Persecution Ground],Syria,Nigeria,country,Activist Persecution Ground,0.017361111111111,0.0625,0.045138888888889,False,False,False,False,False,True,False,0.045138888888889
China_vs_Nigeria (country) [Activist Persecution Ground],China,Nigeria,country,Activist Persecution Ground,0.0277777777777777,0.0069444444444444,-0.0208333333333333,False,False,False,False,False,True,False,0.0208333333333333
Syria_vs_Myanmar (country) [3rd safe country - Country ...],Syria,Myanmar,country,3rd safe country - Country ...,-0.0416666666666667,-0.0416666666666666,9.714451465470121e-17,False,False,False,False,False,True,False,9.714451465470121e-17
Nigeria_vs_Myanmar (country) [3rd safe country - Country ...],Nigeria,Myanmar,country,3rd safe country - Country ...,0.0104166666666666,-0.2083333333333333,-0.2187499999999999,False,False,False,False,False,True,False,0.2187499999999999
Ukraine_vs_Nigeria (country) [3rd safe country - Country ...],Ukraine,Nigeria,country,3rd safe country - Country ...,-0.0625,0.1145833333333333,0.1770833333333333,False,False,False,False,False,True,False,0.1770833333333333
Syria_vs_China (country) [3rd safe country - Country ...],Syria,China,country,3rd safe country - Country ...,-0.0729166666666667,0.0833333333333333,0.15625,False,False,False,False,False,True,False,0.15625
Syria_vs_Ukraine (country) [3rd safe country - Country ...],Syria,Ukraine,country,3rd safe country - Country ...,0.0104166666666666,0.0520833333333333,0.0416666666666667,False,False,False,False,False,True,False,0.0416666666666667
China_vs_Myanmar (country) [3rd safe country - Country ...],China,Myanmar,country,3rd safe country - Country ...,0.03125,-0.125,-0.15625,False,False,False,False,False,True,False,0.15625
Myanmar_vs_Ukraine (country) [3rd safe country - Country ...],Myanmar,Ukraine,country,3rd safe country - Country ...,0.0520833333333333,0.09375,0.0416666666666667,False,False,False,False,False,True,False,0.0416666666666667
China_vs_Ukraine (country) [3rd safe country - Country ...],China,Ukraine,country,3rd safe country - Country ...,0.0833333333333333,-0.03125,-0.1145833333333333,False,False,False,False,False,True,False,0.1145833333333333
Nigeria_vs_Pakistan (country) [3rd safe country - Country ...],Nigeria,Pakistan,country,3rd safe country - Country ...,0.0625,-0.0416666666666667,-0.1041666666666667,False,False,False,False,False,True,False,0.1041666666666667
Myanmar_vs_Pakistan (country) [3rd safe country - Country ...],Myanmar,Pakistan,country,3rd safe country - Country ...,0.0520833333333333,0.1666666666666666,0.1145833333333333,False,False,False,False,False,True,False,0.1145833333333333
Pakistan_vs_China (country) [3rd safe country - Country ...],Pakistan,China,country,3rd safe country - Country ...,-0.0833333333333333,-0.0416666666666666,0.0416666666666667,False,False,False,False,False,True,False,0.0416666666666667
Pakistan_vs_Ukraine (country) [3rd safe country - Country ...],Pakistan,Ukraine,country,3rd safe country - Country ...,0.0,-0.0729166666666666,-0.0729166666666666,False,False,False,False,False,True,False,0.0729166666666666
Syria_vs_Pakistan (country) [3rd safe country - Country ...],Syria,Pakistan,country,3rd safe country - Country ...,0.0104166666666666,0.125,0.1145833333333334,False,False,False,False,False,True,False,0.1145833333333334
Syria_vs_Nigeria (country) [3rd safe country - Country ...],Syria,Nigeria,country,3rd safe country - Country ...,-0.0520833333333333,0.1666666666666667,0.21875,False,False,False,False,False,True,False,0.21875
China_vs_Nigeria (country) [3rd safe country - Country ...],China,Nigeria,country,3rd safe country - Country ...,0.0208333333333333,0.0833333333333333,0.0625,False,False,False,False,False,True,False,0.0625
Syria_vs_Myanmar (country) [Firm settlement],Syria,Myanmar,country,Firm settlement,0.1296296296296296,0.0,-0.1296296296296296,True,False,False,True,False,False,True,0.1296296296296296
Nigeria_vs_Myanmar (country) [Firm settlement],Nigeria,Myanmar,country,Firm settlement,0.0555555555555555,0.0,-0.0555555555555555,False,False,False,False,False,True,False,0.0555555555555555
Ukraine_vs_Nigeria (country) [Firm settlement],Ukraine,Nigeria,country,Firm settlement,-0.007716049382716,0.0,0.007716049382716,False,False,False,False,False,True,False,0.007716049382716
Syria_vs_China (country) [Firm settlement],Syria,China,country,Firm settlement,0.0169753086419753,0.0,-0.0169753086419753,False,False,False,False,False,True,False,0.0169753086419753
Syria_vs_Ukraine (country) [Firm settlement],Syria,Ukraine,country,Firm settlement,0.0817901234567901,0.0,-0.0817901234567901,True,False,False,True,False,False,True,0.0817901234567901
China_vs_Myanmar (country) [Firm settlement],China,Myanmar,country,Firm settlement,0.1126543209876542,0.0,-0.1126543209876542,True,False,False,True,False,False,True,0.1126543209876542
Myanmar_vs_Ukraine (country) [Firm settlement],Myanmar,Ukraine,country,Firm settlement,-0.0478395061728395,0.0,0.0478395061728395,False,False,False,False,False,True,False,0.0478395061728395
China_vs_Ukraine (country) [Firm settlement],China,Ukraine,country,Firm settlement,0.0648148148148147,0.0,-0.0648148148148147,False,False,False,False,False,True,False,0.0648148148148147
Nigeria_vs_Pakistan (country) [Firm settlement],Nigeria,Pakistan,country,Firm settlement,0.0416666666666667,0.0,-0.0416666666666667,False,False,False,False,False,True,False,0.0416666666666667
Myanmar_vs_Pakistan (country) [Firm settlement],Myanmar,Pakistan,country,Firm settlement,-0.0138888888888888,0.0,0.0138888888888888,False,False,False,False,False,True,False,0.0138888888888888
Pakistan_vs_China (country) [Firm settlement],Pakistan,China,country,Firm settlement,-0.0987654320987654,0.0,0.0987654320987654,True,False,False,True,False,False,True,0.0987654320987654
Pakistan_vs_Ukraine (country) [Firm settlement],Pakistan,Ukraine,country,Firm settlement,-0.0339506172839506,0.0,0.0339506172839506,False,False,False,False,False,True,False,0.0339506172839506
Syria_vs_Pakistan (country) [Firm settlement],Syria,Pakistan,country,Firm settlement,0.1157407407407408,0.0,-0.1157407407407408,True,False,False,True,False,False,True,0.1157407407407408
Syria_vs_Nigeria (country) [Firm settlement],Syria,Nigeria,country,Firm settlement,0.074074074074074,0.0,-0.074074074074074,False,False,False,False,False,True,False,0.074074074074074
China_vs_Nigeria (country) [Firm settlement],China,Nigeria,country,Firm settlement,0.0570987654320986,0.0,-0.0570987654320986,False,False,False,False,False,True,False,0.0570987654320986
Syria_vs_Myanmar (country) [Assimilation Potential],Syria,Myanmar,country,Assimilation Potential,0.0444444444444444,0.0277777777777777,-0.0166666666666666,False,False,False,False,False,True,False,0.0166666666666666
Nigeria_vs_Myanmar (country) [Assimilation Potential],Nigeria,Myanmar,country,Assimilation Potential,0.0,-0.0222222222222221,-0.0222222222222221,False,False,False,False,False,True,False,0.0222222222222221
Ukraine_vs_Nigeria (country) [Assimilation Potential],Ukraine,Nigeria,country,Assimilation Potential,0.0027777777777777,0.0138888888888888,0.0111111111111111,False,False,False,False,False,True,False,0.0111111111111111
Syria_vs_China (country) [Assimilation Potential],Syria,China,country,Assimilation Potential,0.0027777777777777,0.0527777777777778,0.0500000000000001,False,False,False,False,False,True,False,0.0500000000000001
Syria_vs_Ukraine (country) [Assimilation Potential],Syria,Ukraine,country,Assimilation Potential,0.0416666666666666,0.036111111111111,-0.0055555555555556,False,False,False,False,False,True,False,0.0055555555555556
China_vs_Myanmar (country) [Assimilation Potential],China,Myanmar,country,Assimilation Potential,0.0416666666666666,-0.025,-0.0666666666666666,False,False,False,False,False,True,False,0.0666666666666666
Myanmar_vs_Ukraine (country) [Assimilation Potential],Myanmar,Ukraine,country,Assimilation Potential,-0.0027777777777777,0.0083333333333333,0.011111111111111,False,False,False,False,False,True,False,0.011111111111111
China_vs_Ukraine (country) [Assimilation Potential],China,Ukraine,country,Assimilation Potential,0.0388888888888888,-0.0166666666666667,-0.0555555555555555,False,False,False,False,False,True,False,0.0555555555555555
Nigeria_vs_Pakistan (country) [Assimilation Potential],Nigeria,Pakistan,country,Assimilation Potential,-0.0083333333333333,-0.0333333333333333,-0.0249999999999999,False,False,False,False,False,True,False,0.0249999999999999
Myanmar_vs_Pakistan (country) [Assimilation Potential],Myanmar,Pakistan,country,Assimilation Potential,-0.0083333333333333,-0.0111111111111111,-0.0027777777777777,False,False,False,False,False,True,False,0.0027777777777777
Pakistan_vs_China (country) [Assimilation Potential],Pakistan,China,country,Assimilation Potential,-0.0333333333333333,0.0361111111111112,0.0694444444444445,False,False,False,False,False,True,False,0.0694444444444445
Pakistan_vs_Ukraine (country) [Assimilation Potential],Pakistan,Ukraine,country,Assimilation Potential,0.0055555555555555,0.0194444444444444,0.0138888888888888,False,False,False,False,False,True,False,0.0138888888888888
Syria_vs_Pakistan (country) [Assimilation Potential],Syria,Pakistan,country,Assimilation Potential,0.036111111111111,0.0166666666666666,-0.0194444444444443,False,False,False,False,False,True,False,0.0194444444444443
Syria_vs_Nigeria (country) [Assimilation Potential],Syria,Nigeria,country,Assimilation Potential,0.0444444444444444,0.0499999999999999,0.0055555555555555,False,False,False,False,False,True,False,0.0055555555555555
China_vs_Nigeria (country) [Assimilation Potential],China,Nigeria,country,Assimilation Potential,0.0416666666666666,-0.0027777777777778,-0.0444444444444444,False,False,False,False,False,True,False,0.0444444444444444
Syria_vs_Myanmar (country) [Financial stability],Syria,Myanmar,country,Financial stability,0.0416666666666666,-0.1111111111111111,-0.1527777777777777,False,False,False,False,False,True,False,0.1527777777777777
Nigeria_vs_Myanmar (country) [Financial stability],Nigeria,Myanmar,country,Financial stability,-0.1527777777777778,0.0,0.1527777777777778,False,False,False,False,False,True,False,0.1527777777777778
Ukraine_vs_Nigeria (country) [Financial stability],Ukraine,Nigeria,country,Financial stability,-0.0138888888888889,-0.0138888888888889,0.0,False,False,False,False,False,True,False,0.0
Syria_vs_China (country) [Financial stability],Syria,China,country,Financial stability,0.0,-0.0833333333333333,-0.0833333333333333,False,False,False,False,False,True,False,0.0833333333333333
Syria_vs_Ukraine (country) [Financial stability],Syria,Ukraine,country,Financial stability,0.2083333333333333,-0.0972222222222222,-0.3055555555555554,False,False,False,False,False,True,False,0.3055555555555554
China_vs_Myanmar (country) [Financial stability],China,Myanmar,country,Financial stability,0.0416666666666666,-0.0277777777777777,-0.0694444444444443,False,False,False,False,False,True,False,0.0694444444444443
Myanmar_vs_Ukraine (country) [Financial stability],Myanmar,Ukraine,country,Financial stability,0.1666666666666667,0.0138888888888889,-0.1527777777777778,False,False,False,False,False,True,False,0.1527777777777778
China_vs_Ukraine (country) [Financial stability],China,Ukraine,country,Financial stability,0.2083333333333333,-0.0138888888888888,-0.2222222222222221,False,False,False,False,False,True,False,0.2222222222222221
Nigeria_vs_Pakistan (country) [Financial stability],Nigeria,Pakistan,country,Financial stability,-0.1944444444444444,0.0138888888888889,0.2083333333333333,False,False,False,False,False,True,False,0.2083333333333333
Myanmar_vs_Pakistan (country) [Financial stability],Myanmar,Pakistan,country,Financial stability,-0.0416666666666666,0.0138888888888889,0.0555555555555555,False,False,False,False,False,True,False,0.0555555555555555
Pakistan_vs_China (country) [Financial stability],Pakistan,China,country,Financial stability,0.0,0.0138888888888888,0.0138888888888888,False,False,False,False,False,True,False,0.0138888888888888
Pakistan_vs_Ukraine (country) [Financial stability],Pakistan,Ukraine,country,Financial stability,0.2083333333333333,0.0,-0.2083333333333333,False,False,False,False,False,True,False,0.2083333333333333
Syria_vs_Pakistan (country) [Financial stability],Syria,Pakistan,country,Financial stability,0.0,-0.0972222222222222,-0.0972222222222222,False,False,False,False,False,True,False,0.0972222222222222
Syria_vs_Nigeria (country) [Financial stability],Syria,Nigeria,country,Financial stability,0.1944444444444444,-0.1111111111111111,-0.3055555555555554,False,False,False,False,False,True,False,0.3055555555555554
China_vs_Nigeria (country) [Financial stability],China,Nigeria,country,Financial stability,0.1944444444444444,-0.0277777777777777,-0.2222222222222221,False,False,False,False,False,True,False,0.2222222222222221
Syria_vs_Myanmar (country) [Intentions regarding work i...],Syria,Myanmar,country,Intentions regarding work i...,0.1284722222222222,-0.0902777777777776,-0.2187499999999998,True,False,False,True,False,False,True,0.2187499999999998
Nigeria_vs_Myanmar (country) [Intentions regarding work i...],Nigeria,Myanmar,country,Intentions regarding work i...,-0.1770833333333333,-0.2013888888888888,-0.0243055555555555,True,True,False,False,True,False,True,0.0243055555555555
Ukraine_vs_Nigeria (country) [Intentions regarding work i...],Ukraine,Nigeria,country,Intentions regarding work i...,0.0833333333333333,-0.0694444444444444,-0.1527777777777777,False,False,False,False,False,True,False,0.1527777777777777
Syria_vs_China (country) [Intentions regarding work i...],Syria,China,country,Intentions regarding work i...,0.1145833333333333,0.1493055555555555,0.0347222222222221,True,True,False,False,True,False,True,0.0347222222222221
Syria_vs_Ukraine (country) [Intentions regarding work i...],Syria,Ukraine,country,Intentions regarding work i...,0.2222222222222222,0.1805555555555555,-0.0416666666666667,True,True,False,False,True,False,True,0.0416666666666667
China_vs_Myanmar (country) [Intentions regarding work i...],China,Myanmar,country,Intentions regarding work i...,0.0138888888888888,-0.2395833333333332,-0.253472222222222,False,True,True,False,False,False,True,0.253472222222222
Myanmar_vs_Ukraine (country) [Intentions regarding work i...],Myanmar,Ukraine,country,Intentions regarding work i...,0.09375,0.2708333333333332,0.1770833333333332,False,True,True,False,False,False,True,0.1770833333333332
China_vs_Ukraine (country) [Intentions regarding work i...],China,Ukraine,country,Intentions regarding work i...,0.1076388888888888,0.03125,-0.0763888888888888,False,False,False,False,False,True,False,0.0763888888888888
Nigeria_vs_Pakistan (country) [Intentions regarding work i...],Nigeria,Pakistan,country,Intentions regarding work i...,-0.1840277777777778,0.0555555555555555,0.2395833333333333,True,False,False,True,False,False,True,0.2395833333333333
Myanmar_vs_Pakistan (country) [Intentions regarding work i...],Myanmar,Pakistan,country,Intentions regarding work i...,-0.0069444444444444,0.2569444444444444,0.2638888888888888,False,True,True,False,False,False,True,0.2638888888888888
Pakistan_vs_China (country) [Intentions regarding work i...],Pakistan,China,country,Intentions regarding work i...,-0.0069444444444444,-0.0173611111111111,-0.0104166666666667,False,False,False,False,False,True,False,0.0104166666666667
Pakistan_vs_Ukraine (country) [Intentions regarding work i...],Pakistan,Ukraine,country,Intentions regarding work i...,0.1006944444444444,0.0138888888888888,-0.0868055555555556,False,False,False,False,False,True,False,0.0868055555555556
Syria_vs_Pakistan (country) [Intentions regarding work i...],Syria,Pakistan,country,Intentions regarding work i...,0.1215277777777777,0.1666666666666667,0.045138888888889,True,True,False,False,True,False,True,0.045138888888889
Syria_vs_Nigeria (country) [Intentions regarding work i...],Syria,Nigeria,country,Intentions regarding work i...,0.3055555555555556,0.1111111111111111,-0.1944444444444444,True,False,False,True,False,False,True,0.1944444444444444
China_vs_Nigeria (country) [Intentions regarding work i...],China,Nigeria,country,Intentions regarding work i...,0.1909722222222222,-0.0381944444444444,-0.2291666666666666,True,False,False,True,False,False,True,0.2291666666666666
Syria_vs_Myanmar (country) [Intentions regarding educat...],Syria,Myanmar,country,Intentions regarding educat...,0.1076388888888889,-0.017361111111111,-0.1249999999999998,False,False,False,False,False,True,False,0.1249999999999998
Nigeria_vs_Myanmar (country) [Intentions regarding educat...],Nigeria,Myanmar,country,Intentions regarding educat...,-0.2222222222222222,-0.0416666666666666,0.1805555555555556,True,False,False,True,False,False,True,0.1805555555555556
Ukraine_vs_Nigeria (country) [Intentions regarding educat...],Ukraine,Nigeria,country,Intentions regarding educat...,0.1770833333333333,-0.0034722222222222,-0.1805555555555555,True,False,False,True,False,False,True,0.1805555555555555
Syria_vs_China (country) [Intentions regarding educat...],Syria,China,country,Intentions regarding educat...,0.125,0.03125,-0.09375,True,False,False,True,False,False,True,0.09375
Syria_vs_Ukraine (country) [Intentions regarding educat...],Syria,Ukraine,country,Intentions regarding educat...,0.1527777777777778,0.0277777777777777,-0.125,True,False,False,True,False,False,True,0.125
China_vs_Myanmar (country) [Intentions regarding educat...],China,Myanmar,country,Intentions regarding educat...,-0.017361111111111,-0.048611111111111,-0.03125,False,False,False,False,False,True,False,0.03125
Myanmar_vs_Ukraine (country) [Intentions regarding educat...],Myanmar,Ukraine,country,Intentions regarding educat...,0.0451388888888888,0.0451388888888888,0.0,False,False,False,False,False,True,False,0.0
China_vs_Ukraine (country) [Intentions regarding educat...],China,Ukraine,country,Intentions regarding educat...,0.0277777777777777,-0.0034722222222222,-0.0312499999999999,False,False,False,False,False,True,False,0.0312499999999999
Nigeria_vs_Pakistan (country) [Intentions regarding educat...],Nigeria,Pakistan,country,Intentions regarding educat...,-0.2465277777777778,0.0208333333333333,0.2673611111111111,True,False,False,True,False,False,True,0.2673611111111111
Myanmar_vs_Pakistan (country) [Intentions regarding educat...],Myanmar,Pakistan,country,Intentions regarding educat...,-0.0243055555555555,0.0625,0.0868055555555555,False,False,False,False,False,True,False,0.0868055555555555
Pakistan_vs_China (country) [Intentions regarding educat...],Pakistan,China,country,Intentions regarding educat...,0.0416666666666666,-0.0138888888888889,-0.0555555555555555,False,False,False,False,False,True,False,0.0555555555555555
Pakistan_vs_Ukraine (country) [Intentions regarding educat...],Pakistan,Ukraine,country,Intentions regarding educat...,0.0694444444444444,-0.0173611111111111,-0.0868055555555555,False,False,False,False,False,True,False,0.0868055555555555
Syria_vs_Pakistan (country) [Intentions regarding educat...],Syria,Pakistan,country,Intentions regarding educat...,0.0833333333333333,0.0451388888888889,-0.0381944444444444,False,False,False,False,False,True,False,0.0381944444444444
Syria_vs_Nigeria (country) [Intentions regarding educat...],Syria,Nigeria,country,Intentions regarding educat...,0.3298611111111111,0.0243055555555555,-0.3055555555555556,True,False,False,True,False,False,True,0.3055555555555556
China_vs_Nigeria (country) [Intentions regarding educat...],China,Nigeria,country,Intentions regarding educat...,0.2048611111111111,-0.0069444444444444,-0.2118055555555555,True,False,False,True,False,False,True,0.2118055555555555
Syria_vs_Myanmar (country) [PSG (particular social group)],Syria,Myanmar,country,PSG,0.0,0.0015432098765432,0.0015432098765432,False,False,False,False,False,True,False,0.0015432098765432
Nigeria_vs_Myanmar (country) [PSG (particular social group)],Nigeria,Myanmar,country,PSG,-0.029320987654321,0.0061728395061728,0.0354938271604938,False,False,False,False,False,True,False,0.0354938271604938
Ukraine_vs_Nigeria (country) [PSG (particular social group)],Ukraine,Nigeria,country,PSG,0.0216049382716049,0.0030864197530864,-0.0185185185185185,False,False,False,False,False,True,False,0.0185185185185185
Syria_vs_China (country) [PSG (particular social group)],Syria,China,country,PSG,0.0108024691358024,0.0046296296296296,-0.0061728395061727,False,False,False,False,False,True,False,0.0061728395061727
Syria_vs_Ukraine (country) [PSG (particular social group)],Syria,Ukraine,country,PSG,0.007716049382716,-0.007716049382716,-0.015432098765432,False,False,False,False,False,True,False,0.015432098765432
China_vs_Myanmar (country) [PSG (particular social group)],China,Myanmar,country,PSG,-0.0108024691358024,-0.0030864197530864,0.0077160493827159,False,False,False,False,False,True,False,0.0077160493827159
Myanmar_vs_Ukraine (country) [PSG (particular social group)],Myanmar,Ukraine,country,PSG,0.007716049382716,-0.0092592592592593,-0.0169753086419753,False,False,False,False,False,True,False,0.0169753086419753
China_vs_Ukraine (country) [PSG (particular social group)],China,Ukraine,country,PSG,-0.0030864197530863,-0.0123456790123457,-0.0092592592592594,False,False,False,False,False,True,False,0.0092592592592594
Nigeria_vs_Pakistan (country) [PSG (particular social group)],Nigeria,Pakistan,country,PSG,-0.0185185185185186,0.0092592592592593,0.0277777777777779,False,False,False,False,False,True,False,0.0277777777777779
Myanmar_vs_Pakistan (country) [PSG (particular social group)],Myanmar,Pakistan,country,PSG,0.0108024691358024,0.0030864197530864,-0.0077160493827159,False,False,False,False,False,True,False,0.0077160493827159
Pakistan_vs_China (country) [PSG (particular social group)],Pakistan,China,country,PSG,0.0,0.0,0.0,False,False,False,False,False,True,False,0.0
Pakistan_vs_Ukraine (country) [PSG (particular social group)],Pakistan,Ukraine,country,PSG,-0.0030864197530863,-0.0123456790123457,-0.0092592592592594,False,False,False,False,False,True,False,0.0092592592592594
Syria_vs_Pakistan (country) [PSG (particular social group)],Syria,Pakistan,country,PSG,0.0108024691358024,0.0046296296296296,-0.0061728395061727,False,False,False,False,False,True,False,0.0061728395061727
Syria_vs_Nigeria (country) [PSG (particular social group)],Syria,Nigeria,country,PSG,0.029320987654321,-0.0046296296296296,-0.0339506172839506,False,False,False,False,False,True,False,0.0339506172839506
China_vs_Nigeria (country) [PSG (particular social group)],China,Nigeria,country,PSG,0.0185185185185186,-0.0092592592592593,-0.0277777777777779,False,False,False,False,False,True,False,0.0277777777777779
Syria_vs_Myanmar (country) [Disclosure: Political perse...],Syria,Myanmar,country,Disclosure: Political perse...,0.1388888888888888,-0.0555555555555555,-0.1944444444444443,False,False,False,False,False,True,False,0.1944444444444443
Nigeria_vs_Myanmar (country) [Disclosure: Political perse...],Nigeria,Myanmar,country,Disclosure: Political perse...,0.1388888888888888,-0.0833333333333332,-0.222222222222222,False,False,False,False,False,True,False,0.222222222222222
Ukraine_vs_Nigeria (country) [Disclosure: Political perse...],Ukraine,Nigeria,country,Disclosure: Political perse...,-0.1805555555555555,-0.2222222222222223,-0.0416666666666667,False,False,False,False,False,True,False,0.0416666666666667
Syria_vs_China (country) [Disclosure: Political perse...],Syria,China,country,Disclosure: Political perse...,0.2361111111111111,0.0555555555555554,-0.1805555555555557,False,False,False,False,False,True,False,0.1805555555555557
Syria_vs_Ukraine (country) [Disclosure: Political perse...],Syria,Ukraine,country,Disclosure: Political perse...,0.1805555555555555,0.25,0.0694444444444445,False,False,False,False,False,True,False,0.0694444444444445
China_vs_Myanmar (country) [Disclosure: Political perse...],China,Myanmar,country,Disclosure: Political perse...,-0.0972222222222223,-0.111111111111111,-0.0138888888888887,False,False,False,False,False,True,False,0.0138888888888887
Myanmar_vs_Ukraine (country) [Disclosure: Political perse...],Myanmar,Ukraine,country,Disclosure: Political perse...,0.0416666666666667,0.3055555555555556,0.2638888888888889,False,True,True,False,False,False,True,0.2638888888888889
China_vs_Ukraine (country) [Disclosure: Political perse...],China,Ukraine,country,Disclosure: Political perse...,-0.0555555555555555,0.1944444444444445,0.25,False,False,False,False,False,True,False,0.25
Nigeria_vs_Pakistan (country) [Disclosure: Political perse...],Nigeria,Pakistan,country,Disclosure: Political perse...,0.2916666666666667,0.0694444444444445,-0.2222222222222221,False,False,False,False,False,True,False,0.2222222222222221
Myanmar_vs_Pakistan (country) [Disclosure: Political perse...],Myanmar,Pakistan,country,Disclosure: Political perse...,0.1527777777777778,0.1527777777777778,0.0,False,False,False,False,False,True,False,0.0
Pakistan_vs_China (country) [Disclosure: Political perse...],Pakistan,China,country,Disclosure: Political perse...,-0.0555555555555555,-0.0416666666666667,0.0138888888888887,False,False,False,False,False,True,False,0.0138888888888887
Pakistan_vs_Ukraine (country) [Disclosure: Political perse...],Pakistan,Ukraine,country,Disclosure: Political perse...,-0.1111111111111111,0.1527777777777778,0.2638888888888889,False,False,False,False,False,True,False,0.2638888888888889
Syria_vs_Pakistan (country) [Disclosure: Political perse...],Syria,Pakistan,country,Disclosure: Political perse...,0.2916666666666667,0.0972222222222222,-0.1944444444444444,False,False,False,False,False,True,False,0.1944444444444444
Syria_vs_Nigeria (country) [Disclosure: Political perse...],Syria,Nigeria,country,Disclosure: Political perse...,0.0,0.0277777777777776,0.0277777777777776,False,False,False,False,False,True,False,0.0277777777777776
China_vs_Nigeria (country) [Disclosure: Political perse...],China,Nigeria,country,Disclosure: Political perse...,-0.2361111111111111,-0.0277777777777777,0.2083333333333334,False,False,False,False,False,True,False,0.2083333333333334
Syria_vs_Myanmar (country) [Disclosure: Religious perse...],Syria,Myanmar,country,Disclosure: Religious perse...,0.0277777777777777,0.1111111111111111,0.0833333333333334,False,False,False,False,False,True,False,0.0833333333333334
Nigeria_vs_Myanmar (country) [Disclosure: Religious perse...],Nigeria,Myanmar,country,Disclosure: Religious perse...,0.0138888888888889,0.1111111111111111,0.0972222222222222,False,False,False,False,False,True,False,0.0972222222222222
Ukraine_vs_Nigeria (country) [Disclosure: Religious perse...],Ukraine,Nigeria,country,Disclosure: Religious perse...,-0.0138888888888889,-0.0833333333333333,-0.0694444444444444,False,False,False,False,False,True,False,0.0694444444444444
Syria_vs_China (country) [Disclosure: Religious perse...],Syria,China,country,Disclosure: Religious perse...,-0.0138888888888889,0.0,0.0138888888888889,False,False,False,False,False,True,False,0.0138888888888889
Syria_vs_Ukraine (country) [Disclosure: Religious perse...],Syria,Ukraine,country,Disclosure: Religious perse...,0.0277777777777777,0.0833333333333333,0.0555555555555556,False,False,False,False,False,True,False,0.0555555555555556
China_vs_Myanmar (country) [Disclosure: Religious perse...],China,Myanmar,country,Disclosure: Religious perse...,0.0416666666666667,0.1111111111111111,0.0694444444444444,False,False,False,False,False,True,False,0.0694444444444444
Myanmar_vs_Ukraine (country) [Disclosure: Religious perse...],Myanmar,Ukraine,country,Disclosure: Religious perse...,0.0,-0.0277777777777777,-0.0277777777777777,False,False,False,False,False,True,False,0.0277777777777777
China_vs_Ukraine (country) [Disclosure: Religious perse...],China,Ukraine,country,Disclosure: Religious perse...,0.0416666666666667,0.0833333333333333,0.0416666666666666,False,False,False,False,False,True,False,0.0416666666666666
Nigeria_vs_Pakistan (country) [Disclosure: Religious perse...],Nigeria,Pakistan,country,Disclosure: Religious perse...,0.0277777777777777,-0.0277777777777777,-0.0555555555555554,False,False,False,False,False,True,False,0.0555555555555554
Myanmar_vs_Pakistan (country) [Disclosure: Religious perse...],Myanmar,Pakistan,country,Disclosure: Religious perse...,0.0138888888888888,-0.1388888888888889,-0.1527777777777777,False,False,False,False,False,True,False,0.1527777777777777
Pakistan_vs_China (country) [Disclosure: Religious perse...],Pakistan,China,country,Disclosure: Religious perse...,-0.0555555555555555,0.0277777777777777,0.0833333333333332,False,False,False,False,False,True,False,0.0833333333333332
Pakistan_vs_Ukraine (country) [Disclosure: Religious perse...],Pakistan,Ukraine,country,Disclosure: Religious perse...,-0.0138888888888888,0.1111111111111111,0.1249999999999999,False,False,False,False,False,True,False,0.1249999999999999
Syria_vs_Pakistan (country) [Disclosure: Religious perse...],Syria,Pakistan,country,Disclosure: Religious perse...,0.0416666666666666,-0.0277777777777777,-0.0694444444444443,False,False,False,False,False,True,False,0.0694444444444443
Syria_vs_Nigeria (country) [Disclosure: Religious perse...],Syria,Nigeria,country,Disclosure: Religious perse...,0.0138888888888888,0.0,-0.0138888888888888,False,False,False,False,False,True,False,0.0138888888888888
China_vs_Nigeria (country) [Disclosure: Religious perse...],China,Nigeria,country,Disclosure: Religious perse...,0.0277777777777777,0.0,-0.0277777777777777,False,False,False,False,False,True,False,0.0277777777777777
Syria_vs_Myanmar (country) [Disclosure: Domestic violen...],Syria,Myanmar,country,Disclosure: Domestic violen...,0.0416666666666666,-0.0138888888888888,-0.0555555555555554,False,False,False,False,False,True,False,0.0555555555555554
Nigeria_vs_Myanmar (country) [Disclosure: Domestic violen...],Nigeria,Myanmar,country,Disclosure: Domestic violen...,0.0694444444444444,-0.0138888888888888,-0.0833333333333332,False,False,False,False,False,True,False,0.0833333333333332
Ukraine_vs_Nigeria (country) [Disclosure: Domestic violen...],Ukraine,Nigeria,country,Disclosure: Domestic violen...,-0.0833333333333333,-0.0277777777777777,0.0555555555555556,False,False,False,False,False,True,False,0.0555555555555556
Syria_vs_China (country) [Disclosure: Domestic violen...],Syria,China,country,Disclosure: Domestic violen...,-0.1805555555555555,0.0,0.1805555555555555,False,False,False,False,False,True,False,0.1805555555555555
Syria_vs_Ukraine (country) [Disclosure: Domestic violen...],Syria,Ukraine,country,Disclosure: Domestic violen...,0.0555555555555555,0.0277777777777777,-0.0277777777777777,False,False,False,False,False,True,False,0.0277777777777777
China_vs_Myanmar (country) [Disclosure: Domestic violen...],China,Myanmar,country,Disclosure: Domestic violen...,0.2222222222222222,-0.0138888888888888,-0.236111111111111,False,False,False,False,False,True,False,0.236111111111111
Myanmar_vs_Ukraine (country) [Disclosure: Domestic violen...],Myanmar,Ukraine,country,Disclosure: Domestic violen...,0.0138888888888889,0.0416666666666666,0.0277777777777777,False,False,False,False,False,True,False,0.0277777777777777
China_vs_Ukraine (country) [Disclosure: Domestic violen...],China,Ukraine,country,Disclosure: Domestic violen...,0.2361111111111111,0.0277777777777777,-0.2083333333333334,False,False,False,False,False,True,False,0.2083333333333334
Nigeria_vs_Pakistan (country) [Disclosure: Domestic violen...],Nigeria,Pakistan,country,Disclosure: Domestic violen...,0.0277777777777777,0.0138888888888889,-0.0138888888888888,False,False,False,False,False,True,False,0.0138888888888888
Myanmar_vs_Pakistan (country) [Disclosure: Domestic violen...],Myanmar,Pakistan,country,Disclosure: Domestic violen...,-0.0416666666666666,0.0277777777777777,0.0694444444444443,False,False,False,False,False,True,False,0.0694444444444443
Pakistan_vs_China (country) [Disclosure: Domestic violen...],Pakistan,China,country,Disclosure: Domestic violen...,-0.1805555555555555,-0.0138888888888889,0.1666666666666666,False,False,False,False,False,True,False,0.1666666666666666
Pakistan_vs_Ukraine (country) [Disclosure: Domestic violen...],Pakistan,Ukraine,country,Disclosure: Domestic violen...,0.0555555555555555,0.0138888888888888,-0.0416666666666667,False,False,False,False,False,True,False,0.0416666666666667
Syria_vs_Pakistan (country) [Disclosure: Domestic violen...],Syria,Pakistan,country,Disclosure: Domestic violen...,0.0,0.0138888888888889,0.0138888888888889,False,False,False,False,False,True,False,0.0138888888888889
Syria_vs_Nigeria (country) [Disclosure: Domestic violen...],Syria,Nigeria,country,Disclosure: Domestic violen...,-0.0277777777777777,0.0,0.0277777777777777,False,False,False,False,False,True,False,0.0277777777777777
China_vs_Nigeria (country) [Disclosure: Domestic violen...],China,Nigeria,country,Disclosure: Domestic violen...,0.1527777777777778,0.0,-0.1527777777777778,False,False,False,False,False,True,False,0.1527777777777778
Syria_vs_Myanmar (country) [Disclosure: Ethnic violence...],Syria,Myanmar,country,Disclosure: Ethnic violence...,-0.0833333333333333,-0.0138888888888888,0.0694444444444445,False,False,False,False,False,True,False,0.0694444444444445
Nigeria_vs_Myanmar (country) [Disclosure: Ethnic violence...],Nigeria,Myanmar,country,Disclosure: Ethnic violence...,-0.0416666666666666,-0.1666666666666666,-0.125,False,False,False,False,False,True,False,0.125
Ukraine_vs_Nigeria (country) [Disclosure: Ethnic violence...],Ukraine,Nigeria,country,Disclosure: Ethnic violence...,-0.0555555555555555,0.0972222222222222,0.1527777777777776,False,False,False,False,False,True,False,0.1527777777777776
Syria_vs_China (country) [Disclosure: Ethnic violence...],Syria,China,country,Disclosure: Ethnic violence...,-0.0138888888888889,0.1111111111111111,0.125,False,False,False,False,False,True,False,0.125
Syria_vs_Ukraine (country) [Disclosure: Ethnic violence...],Syria,Ukraine,country,Disclosure: Ethnic violence...,0.0138888888888888,0.0555555555555555,0.0416666666666667,False,False,False,False,False,True,False,0.0416666666666667
China_vs_Myanmar (country) [Disclosure: Ethnic violence...],China,Myanmar,country,Disclosure: Ethnic violence...,-0.0694444444444444,-0.125,-0.0555555555555555,False,False,False,False,False,True,False,0.0555555555555555
Myanmar_vs_Ukraine (country) [Disclosure: Ethnic violence...],Myanmar,Ukraine,country,Disclosure: Ethnic violence...,0.0972222222222222,0.0694444444444444,-0.0277777777777777,False,False,False,False,False,True,False,0.0277777777777777
China_vs_Ukraine (country) [Disclosure: Ethnic violence...],China,Ukraine,country,Disclosure: Ethnic violence...,0.0277777777777777,-0.0555555555555555,-0.0833333333333332,False,False,False,False,False,True,False,0.0833333333333332
Nigeria_vs_Pakistan (country) [Disclosure: Ethnic violence...],Nigeria,Pakistan,country,Disclosure: Ethnic violence...,0.1805555555555555,-0.0277777777777777,-0.2083333333333332,False,False,False,False,False,True,False,0.2083333333333332
Myanmar_vs_Pakistan (country) [Disclosure: Ethnic violence...],Myanmar,Pakistan,country,Disclosure: Ethnic violence...,0.2222222222222222,0.1388888888888888,-0.0833333333333334,False,False,False,False,False,True,False,0.0833333333333334
Pakistan_vs_China (country) [Disclosure: Ethnic violence...],Pakistan,China,country,Disclosure: Ethnic violence...,-0.1527777777777778,-0.0138888888888888,0.1388888888888889,False,False,False,False,False,True,False,0.1388888888888889
Pakistan_vs_Ukraine (country) [Disclosure: Ethnic violence...],Pakistan,Ukraine,country,Disclosure: Ethnic violence...,-0.125,-0.0694444444444444,0.0555555555555555,False,False,False,False,False,True,False,0.0555555555555555
Syria_vs_Pakistan (country) [Disclosure: Ethnic violence...],Syria,Pakistan,country,Disclosure: Ethnic violence...,0.1388888888888888,0.125,-0.0138888888888888,False,False,False,False,False,True,False,0.0138888888888888
Syria_vs_Nigeria (country) [Disclosure: Ethnic violence...],Syria,Nigeria,country,Disclosure: Ethnic violence...,-0.0416666666666667,0.1527777777777778,0.1944444444444444,False,False,False,False,False,True,False,0.1944444444444444
China_vs_Nigeria (country) [Disclosure: Ethnic violence...],China,Nigeria,country,Disclosure: Ethnic violence...,-0.0277777777777777,0.0416666666666666,0.0694444444444443,False,False,False,False,False,True,False,0.0694444444444443
Syria_vs_Myanmar (country) [Disclosure: Persecution for...],Syria,Myanmar,country,Disclosure: Persecution for...,-0.0555555555555554,-0.0694444444444445,-0.0138888888888891,False,False,False,False,False,True,False,0.0138888888888891
Nigeria_vs_Myanmar (country) [Disclosure: Persecution for...],Nigeria,Myanmar,country,Disclosure: Persecution for...,0.0277777777777777,-0.0555555555555555,-0.0833333333333332,False,False,False,False,False,True,False,0.0833333333333332
Ukraine_vs_Nigeria (country) [Disclosure: Persecution for...],Ukraine,Nigeria,country,Disclosure: Persecution for...,-0.1527777777777778,0.0,0.1527777777777778,False,False,False,False,False,True,False,0.1527777777777778
Syria_vs_China (country) [Disclosure: Persecution for...],Syria,China,country,Disclosure: Persecution for...,0.0416666666666667,-0.0694444444444445,-0.1111111111111112,False,False,False,False,False,True,False,0.1111111111111112
Syria_vs_Ukraine (country) [Disclosure: Persecution for...],Syria,Ukraine,country,Disclosure: Persecution for...,0.0694444444444445,-0.0138888888888889,-0.0833333333333334,False,False,False,False,False,True,False,0.0833333333333334
China_vs_Myanmar (country) [Disclosure: Persecution for...],China,Myanmar,country,Disclosure: Persecution for...,-0.0972222222222222,0.0,0.0972222222222222,False,False,False,False,False,True,False,0.0972222222222222
Myanmar_vs_Ukraine (country) [Disclosure: Persecution for...],Myanmar,Ukraine,country,Disclosure: Persecution for...,0.125,0.0555555555555555,-0.0694444444444445,False,False,False,False,False,True,False,0.0694444444444445
China_vs_Ukraine (country) [Disclosure: Persecution for...],China,Ukraine,country,Disclosure: Persecution for...,0.0277777777777777,0.0555555555555555,0.0277777777777777,False,False,False,False,False,True,False,0.0277777777777777
Nigeria_vs_Pakistan (country) [Disclosure: Persecution for...],Nigeria,Pakistan,country,Disclosure: Persecution for...,0.0972222222222222,0.0833333333333333,-0.0138888888888888,False,False,False,False,False,True,False,0.0138888888888888
Myanmar_vs_Pakistan (country) [Disclosure: Persecution for...],Myanmar,Pakistan,country,Disclosure: Persecution for...,0.0694444444444444,0.1388888888888889,0.0694444444444444,False,False,False,False,False,True,False,0.0694444444444444
Pakistan_vs_China (country) [Disclosure: Persecution for...],Pakistan,China,country,Disclosure: Persecution for...,0.0277777777777777,-0.1388888888888889,-0.1666666666666666,False,False,False,False,False,True,False,0.1666666666666666
Pakistan_vs_Ukraine (country) [Disclosure: Persecution for...],Pakistan,Ukraine,country,Disclosure: Persecution for...,0.0555555555555555,-0.0833333333333333,-0.1388888888888887,False,False,False,False,False,True,False,0.1388888888888887
Syria_vs_Pakistan (country) [Disclosure: Persecution for...],Syria,Pakistan,country,Disclosure: Persecution for...,0.0138888888888889,0.0694444444444444,0.0555555555555555,False,False,False,False,False,True,False,0.0555555555555555
Syria_vs_Nigeria (country) [Disclosure: Persecution for...],Syria,Nigeria,country,Disclosure: Persecution for...,-0.0833333333333332,-0.0138888888888889,0.0694444444444443,False,False,False,False,False,True,False,0.0694444444444443
China_vs_Nigeria (country) [Disclosure: Persecution for...],China,Nigeria,country,Disclosure: Persecution for...,-0.125,0.0555555555555555,0.1805555555555555,False,False,False,False,False,True,False,0.1805555555555555
Syria_vs_Myanmar (country) [Contradiction: Dates of per...],Syria,Myanmar,country,Contradiction: Dates of per...,-0.0277777777777777,0.0,0.0277777777777777,False,False,False,False,False,True,False,0.0277777777777777
Nigeria_vs_Myanmar (country) [Contradiction: Dates of per...],Nigeria,Myanmar,country,Contradiction: Dates of per...,0.1666666666666666,0.0555555555555555,-0.1111111111111111,False,False,False,False,False,True,False,0.1111111111111111
Ukraine_vs_Nigeria (country) [Contradiction: Dates of per...],Ukraine,Nigeria,country,Contradiction: Dates of per...,-0.2083333333333333,0.0555555555555555,0.2638888888888888,False,False,False,False,False,True,False,0.2638888888888888
Syria_vs_China (country) [Contradiction: Dates of per...],Syria,China,country,Contradiction: Dates of per...,-0.0138888888888888,-0.1388888888888889,-0.125,False,False,False,False,False,True,False,0.125
Syria_vs_Ukraine (country) [Contradiction: Dates of per...],Syria,Ukraine,country,Contradiction: Dates of per...,0.0138888888888888,-0.1111111111111111,-0.1249999999999999,False,False,False,False,False,True,False,0.1249999999999999
China_vs_Myanmar (country) [Contradiction: Dates of per...],China,Myanmar,country,Contradiction: Dates of per...,-0.0138888888888888,0.1388888888888889,0.1527777777777777,False,False,False,False,False,True,False,0.1527777777777777
Myanmar_vs_Ukraine (country) [Contradiction: Dates of per...],Myanmar,Ukraine,country,Contradiction: Dates of per...,0.0416666666666666,-0.1111111111111111,-0.1527777777777777,False,False,False,False,False,True,False,0.1527777777777777
China_vs_Ukraine (country) [Contradiction: Dates of per...],China,Ukraine,country,Contradiction: Dates of per...,0.0277777777777777,0.0277777777777777,0.0,False,False,False,False,False,True,False,0.0
Nigeria_vs_Pakistan (country) [Contradiction: Dates of per...],Nigeria,Pakistan,country,Contradiction: Dates of per...,0.2361111111111111,0.1111111111111111,-0.125,True,False,False,True,False,False,True,0.125
Myanmar_vs_Pakistan (country) [Contradiction: Dates of per...],Myanmar,Pakistan,country,Contradiction: Dates of per...,0.0694444444444444,0.0555555555555555,-0.0138888888888889,False,False,False,False,False,True,False,0.0138888888888889
Pakistan_vs_China (country) [Contradiction: Dates of per...],Pakistan,China,country,Contradiction: Dates of per...,-0.0555555555555555,-0.1944444444444444,-0.1388888888888889,False,False,False,False,False,True,False,0.1388888888888889
Pakistan_vs_Ukraine (country) [Contradiction: Dates of per...],Pakistan,Ukraine,country,Contradiction: Dates of per...,-0.0277777777777777,-0.1666666666666666,-0.1388888888888889,False,False,False,False,False,True,False,0.1388888888888889
Syria_vs_Pakistan (country) [Contradiction: Dates of per...],Syria,Pakistan,country,Contradiction: Dates of per...,0.0416666666666666,0.0555555555555555,0.0138888888888888,False,False,False,False,False,True,False,0.0138888888888888
Syria_vs_Nigeria (country) [Contradiction: Dates of per...],Syria,Nigeria,country,Contradiction: Dates of per...,-0.1944444444444444,-0.0555555555555555,0.1388888888888889,False,False,False,False,False,True,False,0.1388888888888889
China_vs_Nigeria (country) [Contradiction: Dates of per...],China,Nigeria,country,Contradiction: Dates of per...,-0.1805555555555555,0.0833333333333333,0.2638888888888888,False,False,False,False,False,True,False,0.2638888888888888
Syria_vs_Myanmar (country) [Contradiction: Persecutor i...],Syria,Myanmar,country,Contradiction: Persecutor i...,0.0,0.0,0.0,False,False,False,False,False,True,False,0.0
Nigeria_vs_Myanmar (country) [Contradiction: Persecutor i...],Nigeria,Myanmar,country,Contradiction: Persecutor i...,0.0,0.0,0.0,False,False,False,False,False,True,False,0.0
Ukraine_vs_Nigeria (country) [Contradiction: Persecutor i...],Ukraine,Nigeria,country,Contradiction: Persecutor i...,0.0,0.0,0.0,False,False,False,False,False,True,False,0.0
Syria_vs_China (country) [Contradiction: Persecutor i...],Syria,China,country,Contradiction: Persecutor i...,0.0,0.0,0.0,False,False,False,False,False,True,False,0.0
Syria_vs_Ukraine (country) [Contradiction: Persecutor i...],Syria,Ukraine,country,Contradiction: Persecutor i...,0.0,0.0,0.0,False,False,False,False,False,True,False,0.0
China_vs_Myanmar (country) [Contradiction: Persecutor i...],China,Myanmar,country,Contradiction: Persecutor i...,0.0,0.0,0.0,False,False,False,False,False,True,False,0.0
Myanmar_vs_Ukraine (country) [Contradiction: Persecutor i...],Myanmar,Ukraine,country,Contradiction: Persecutor i...,0.0,0.0,0.0,False,False,False,False,False,True,False,0.0
China_vs_Ukraine (country) [Contradiction: Persecutor i...],China,Ukraine,country,Contradiction: Persecutor i...,0.0,0.0,0.0,False,False,False,False,False,True,False,0.0
Nigeria_vs_Pakistan (country) [Contradiction: Persecutor i...],Nigeria,Pakistan,country,Contradiction: Persecutor i...,0.0,0.0,0.0,False,False,False,False,False,True,False,0.0
Myanmar_vs_Pakistan (country) [Contradiction: Persecutor i...],Myanmar,Pakistan,country,Contradiction: Persecutor i...,0.0,0.0,0.0,False,False,False,False,False,True,False,0.0
Pakistan_vs_China (country) [Contradiction: Persecutor i...],Pakistan,China,country,Contradiction: Persecutor i...,0.0,0.0,0.0,False,False,False,False,False,True,False,0.0
Pakistan_vs_Ukraine (country) [Contradiction: Persecutor i...],Pakistan,Ukraine,country,Contradiction: Persecutor i...,0.0,0.0,0.0,False,False,False,False,False,True,False,0.0
Syria_vs_Pakistan (country) [Contradiction: Persecutor i...],Syria,Pakistan,country,Contradiction: Persecutor i...,0.0,0.0,0.0,False,False,False,False,False,True,False,0.0
Syria_vs_Nigeria (country) [Contradiction: Persecutor i...],Syria,Nigeria,country,Contradiction: Persecutor i...,0.0,0.0,0.0,False,False,False,False,False,True,False,0.0
China_vs_Nigeria (country) [Contradiction: Persecutor i...],China,Nigeria,country,Contradiction: Persecutor i...,0.0,0.0,0.0,False,False,False,False,False,True,False,0.0
Syria_vs_Myanmar (country) [Contradiction: Location of ...],Syria,Myanmar,country,Contradiction: Location of ...,-0.0277777777777777,-0.0555555555555555,-0.0277777777777777,False,False,False,False,False,True,False,0.0277777777777777
Nigeria_vs_Myanmar (country) [Contradiction: Location of ...],Nigeria,Myanmar,country,Contradiction: Location of ...,-0.0277777777777777,-0.0694444444444444,-0.0416666666666667,False,False,False,False,False,True,False,0.0416666666666667
Ukraine_vs_Nigeria (country) [Contradiction: Location of ...],Ukraine,Nigeria,country,Contradiction: Location of ...,0.0416666666666666,0.1805555555555555,0.1388888888888889,False,False,False,False,False,True,False,0.1388888888888889
Syria_vs_China (country) [Contradiction: Location of ...],Syria,China,country,Contradiction: Location of ...,-0.0138888888888888,0.0138888888888888,0.0277777777777776,False,False,False,False,False,True,False,0.0277777777777776
Syria_vs_Ukraine (country) [Contradiction: Location of ...],Syria,Ukraine,country,Contradiction: Location of ...,-0.0416666666666666,-0.1666666666666666,-0.125,False,False,False,False,False,True,False,0.125
China_vs_Myanmar (country) [Contradiction: Location of ...],China,Myanmar,country,Contradiction: Location of ...,-0.0138888888888888,-0.0694444444444444,-0.0555555555555556,False,False,False,False,False,True,False,0.0555555555555556
Myanmar_vs_Ukraine (country) [Contradiction: Location of ...],Myanmar,Ukraine,country,Contradiction: Location of ...,-0.0138888888888888,-0.1111111111111111,-0.0972222222222223,False,False,False,False,False,True,False,0.0972222222222223
China_vs_Ukraine (country) [Contradiction: Location of ...],China,Ukraine,country,Contradiction: Location of ...,-0.0277777777777777,-0.1805555555555555,-0.1527777777777778,False,False,False,False,False,True,False,0.1527777777777778
Nigeria_vs_Pakistan (country) [Contradiction: Location of ...],Nigeria,Pakistan,country,Contradiction: Location of ...,0.0138888888888888,0.0,-0.0138888888888888,False,False,False,False,False,True,False,0.0138888888888888
Myanmar_vs_Pakistan (country) [Contradiction: Location of ...],Myanmar,Pakistan,country,Contradiction: Location of ...,0.0416666666666666,0.0694444444444444,0.0277777777777778,False,False,False,False,False,True,False,0.0277777777777778
Pakistan_vs_China (country) [Contradiction: Location of ...],Pakistan,China,country,Contradiction: Location of ...,-0.0277777777777777,0.0,0.0277777777777777,False,False,False,False,False,True,False,0.0277777777777777
Pakistan_vs_Ukraine (country) [Contradiction: Location of ...],Pakistan,Ukraine,country,Contradiction: Location of ...,-0.0555555555555555,-0.1805555555555555,-0.125,False,False,False,False,False,True,False,0.125
Syria_vs_Pakistan (country) [Contradiction: Location of ...],Syria,Pakistan,country,Contradiction: Location of ...,0.0138888888888888,0.0138888888888888,0.0,False,False,False,False,False,True,False,0.0
Syria_vs_Nigeria (country) [Contradiction: Location of ...],Syria,Nigeria,country,Contradiction: Location of ...,0.0,0.0138888888888888,0.0138888888888888,False,False,False,False,False,True,False,0.0138888888888888
China_vs_Nigeria (country) [Contradiction: Location of ...],China,Nigeria,country,Contradiction: Location of ...,0.0138888888888888,0.0,-0.0138888888888888,False,False,False,False,False,True,False,0.0138888888888888
Syria_vs_Myanmar (country) [Contradiction: Family invol...],Syria,Myanmar,country,Contradiction: Family invol...,-0.2083333333333333,-0.2361111111111111,-0.0277777777777778,False,True,True,False,False,False,True,0.0277777777777778
Nigeria_vs_Myanmar (country) [Contradiction: Family invol...],Nigeria,Myanmar,country,Contradiction: Family invol...,-0.2083333333333333,-0.0416666666666666,0.1666666666666666,False,False,False,False,False,True,False,0.1666666666666666
Ukraine_vs_Nigeria (country) [Contradiction: Family invol...],Ukraine,Nigeria,country,Contradiction: Family invol...,0.0277777777777777,0.0833333333333333,0.0555555555555556,False,False,False,False,False,True,False,0.0555555555555556
Syria_vs_China (country) [Contradiction: Family invol...],Syria,China,country,Contradiction: Family invol...,-0.0555555555555555,-0.25,-0.1944444444444445,False,True,True,False,False,False,True,0.1944444444444445
Syria_vs_Ukraine (country) [Contradiction: Family invol...],Syria,Ukraine,country,Contradiction: Family invol...,-0.0277777777777777,-0.2777777777777778,-0.2500000000000001,False,True,True,False,False,False,True,0.2500000000000001
China_vs_Myanmar (country) [Contradiction: Family invol...],China,Myanmar,country,Contradiction: Family invol...,-0.1527777777777778,0.0138888888888888,0.1666666666666666,False,False,False,False,False,True,False,0.1666666666666666
Myanmar_vs_Ukraine (country) [Contradiction: Family invol...],Myanmar,Ukraine,country,Contradiction: Family invol...,0.1805555555555555,-0.0416666666666666,-0.2222222222222221,False,False,False,False,False,True,False,0.2222222222222221
China_vs_Ukraine (country) [Contradiction: Family invol...],China,Ukraine,country,Contradiction: Family invol...,0.0277777777777777,-0.0277777777777777,-0.0555555555555554,False,False,False,False,False,True,False,0.0555555555555554
Nigeria_vs_Pakistan (country) [Contradiction: Family invol...],Nigeria,Pakistan,country,Contradiction: Family invol...,-0.0277777777777777,0.0694444444444444,0.0972222222222221,False,False,False,False,False,True,False,0.0972222222222221
Myanmar_vs_Pakistan (country) [Contradiction: Family invol...],Myanmar,Pakistan,country,Contradiction: Family invol...,0.1805555555555555,0.1111111111111111,-0.0694444444444443,False,False,False,False,False,True,False,0.0694444444444443
Pakistan_vs_China (country) [Contradiction: Family invol...],Pakistan,China,country,Contradiction: Family invol...,-0.0277777777777777,-0.125,-0.0972222222222223,False,False,False,False,False,True,False,0.0972222222222223
Pakistan_vs_Ukraine (country) [Contradiction: Family invol...],Pakistan,Ukraine,country,Contradiction: Family invol...,0.0,-0.1527777777777777,-0.1527777777777777,False,False,False,False,False,True,False,0.1527777777777777
Syria_vs_Pakistan (country) [Contradiction: Family invol...],Syria,Pakistan,country,Contradiction: Family invol...,-0.0277777777777777,-0.125,-0.0972222222222223,False,False,False,False,False,True,False,0.0972222222222223
Syria_vs_Nigeria (country) [Contradiction: Family invol...],Syria,Nigeria,country,Contradiction: Family invol...,0.0,-0.1944444444444444,-0.1944444444444444,False,False,False,False,False,True,False,0.1944444444444444
China_vs_Nigeria (country) [Contradiction: Family invol...],China,Nigeria,country,Contradiction: Family invol...,0.0555555555555555,0.0555555555555555,0.0,False,False,False,False,False,True,False,0.0
Syria_vs_Myanmar (country) [Contradiction: Sequence of ...],Syria,Myanmar,country,Contradiction: Sequence of ...,-0.0555555555555555,-0.1388888888888889,-0.0833333333333334,False,False,False,False,False,True,False,0.0833333333333334
Nigeria_vs_Myanmar (country) [Contradiction: Sequence of ...],Nigeria,Myanmar,country,Contradiction: Sequence of ...,0.0138888888888888,-0.125,-0.1388888888888888,False,False,False,False,False,True,False,0.1388888888888888
Ukraine_vs_Nigeria (country) [Contradiction: Sequence of ...],Ukraine,Nigeria,country,Contradiction: Sequence of ...,-0.1111111111111111,0.0694444444444444,0.1805555555555555,False,False,False,False,False,True,False,0.1805555555555555
Syria_vs_China (country) [Contradiction: Sequence of ...],Syria,China,country,Contradiction: Sequence of ...,0.0416666666666666,-0.0277777777777777,-0.0694444444444443,False,False,False,False,False,True,False,0.0694444444444443
Syria_vs_Ukraine (country) [Contradiction: Sequence of ...],Syria,Ukraine,country,Contradiction: Sequence of ...,0.0416666666666666,-0.0833333333333333,-0.1249999999999999,False,False,False,False,False,True,False,0.1249999999999999
China_vs_Myanmar (country) [Contradiction: Sequence of ...],China,Myanmar,country,Contradiction: Sequence of ...,-0.0972222222222222,-0.1111111111111111,-0.0138888888888889,False,False,False,False,False,True,False,0.0138888888888889
Myanmar_vs_Ukraine (country) [Contradiction: Sequence of ...],Myanmar,Ukraine,country,Contradiction: Sequence of ...,0.0972222222222222,0.0555555555555555,-0.0416666666666667,False,False,False,False,False,True,False,0.0416666666666667
China_vs_Ukraine (country) [Contradiction: Sequence of ...],China,Ukraine,country,Contradiction: Sequence of ...,0.0,-0.0555555555555555,-0.0555555555555555,False,False,False,False,False,True,False,0.0555555555555555
Nigeria_vs_Pakistan (country) [Contradiction: Sequence of ...],Nigeria,Pakistan,country,Contradiction: Sequence of ...,0.1388888888888889,0.0416666666666666,-0.0972222222222223,False,False,False,False,False,True,False,0.0972222222222223
Myanmar_vs_Pakistan (country) [Contradiction: Sequence of ...],Myanmar,Pakistan,country,Contradiction: Sequence of ...,0.125,0.1666666666666666,0.0416666666666666,False,False,False,False,False,True,False,0.0416666666666666
Pakistan_vs_China (country) [Contradiction: Sequence of ...],Pakistan,China,country,Contradiction: Sequence of ...,-0.0277777777777777,-0.0555555555555555,-0.0277777777777777,False,False,False,False,False,True,False,0.0277777777777777
Pakistan_vs_Ukraine (country) [Contradiction: Sequence of ...],Pakistan,Ukraine,country,Contradiction: Sequence of ...,-0.0277777777777777,-0.1111111111111111,-0.0833333333333334,False,False,False,False,False,True,False,0.0833333333333334
Syria_vs_Pakistan (country) [Contradiction: Sequence of ...],Syria,Pakistan,country,Contradiction: Sequence of ...,0.0694444444444444,0.0277777777777777,-0.0416666666666667,False,False,False,False,False,True,False,0.0416666666666667
Syria_vs_Nigeria (country) [Contradiction: Sequence of ...],Syria,Nigeria,country,Contradiction: Sequence of ...,-0.0694444444444444,-0.0138888888888888,0.0555555555555556,False,False,False,False,False,True,False,0.0555555555555556
China_vs_Nigeria (country) [Contradiction: Sequence of ...],China,Nigeria,country,Contradiction: Sequence of ...,-0.1111111111111111,0.0138888888888888,0.1249999999999999,False,False,False,False,False,True,False,0.1249999999999999
