country1,country2,country_pair,topic,pattern_type,pre_sp,post_sp,sp_change,abs_sp_change,favored_country,disfavored_country,pre_significant,post_significant
Nigeria,Myanmar,Nigeria vs Myanmar,Asylum seeker circumstances,NEWLY_EMERGED,-0.03125,-0.25,-0.21875,0.21875,Myanmar,Nigeria,False,True
Syria,China,Syria vs China,Asylum seeker circumstances,PERSISTENT,0.2291666666666666,0.3645833333333333,0.1354166666666667,0.1354166666666667,Syria,China,True,True
China,Myanmar,China vs Myanmar,Asylum seeker circumstances,PERSISTENT,-0.1875,-0.5520833333333334,-0.3645833333333333,0.3645833333333333,Myanmar,China,True,True
China,Ukraine,China vs Ukraine,Asylum seeker circumstances,NEWLY_EMERGED,-0.1041666666666666,-0.5,-0.3958333333333333,0.3958333333333333,Ukraine,China,False,True
Pakistan,China,Pakistan vs China,Asylum seeker circumstances,PERSISTENT,0.2083333333333333,0.3541666666666666,0.1458333333333333,0.1458333333333333,Pakistan,China,True,True
China,Nigeria,China vs Nigeria,Asylum seeker circumstances,PERSISTENT,-0.15625,-0.3020833333333333,-0.1458333333333333,0.1458333333333333,Nigeria,China,True,True
Myanmar,Ukraine,Myanmar vs Ukraine,Nature of persecution,NEWLY_EMERGED,0.0194444444444443,0.0652777777777777,0.0458333333333334,0.0458333333333334,Myanmar,Ukraine,False,True
Syria,Nigeria,Syria vs Nigeria,Nature of persecution,DISAPPEARED,0.0791666666666667,0.0013888888888888,-0.0777777777777779,0.0777777777777779,Nigeria,Syria,True,False
China,Nigeria,China vs Nigeria,Nature of persecution,DISAPPEARED,0.0847222222222222,-0.0013888888888889,-0.0861111111111111,0.0861111111111111,Nigeria,China,True,False
Syria,Pakistan,Syria vs Pakistan,Activist Persecution Ground,NEWLY_EMERGED,-0.0381944444444445,0.1840277777777777,0.2222222222222222,0.2222222222222222,Syria,Pakistan,False,True
Syria,Myanmar,Syria vs Myanmar,Firm settlement,DISAPPEARED,0.1296296296296296,0.0,-0.1296296296296296,0.1296296296296296,Myanmar,Syria,True,False
Syria,Ukraine,Syria vs Ukraine,Firm settlement,DISAPPEARED,0.0817901234567901,0.0,-0.0817901234567901,0.0817901234567901,Ukraine,Syria,True,False
China,Myanmar,China vs Myanmar,Firm settlement,DISAPPEARED,0.1126543209876542,0.0,-0.1126543209876542,0.1126543209876542,Myanmar,China,True,False
Pakistan,China,Pakistan vs China,Firm settlement,DISAPPEARED,-0.0987654320987654,0.0,0.0987654320987654,0.0987654320987654,Pakistan,China,True,False
Syria,Pakistan,Syria vs Pakistan,Firm settlement,DISAPPEARED,0.1157407407407408,0.0,-0.1157407407407408,0.1157407407407408,Pakistan,Syria,True,False
Syria,Myanmar,Syria vs Myanmar,Intentions regarding work i...,DISAPPEARED,0.1284722222222222,-0.0902777777777776,-0.2187499999999998,0.2187499999999998,Myanmar,Syria,True,False
Nigeria,Myanmar,Nigeria vs Myanmar,Intentions regarding work i...,PERSISTENT,-0.1770833333333333,-0.2013888888888888,-0.0243055555555555,0.0243055555555555,Myanmar,Nigeria,True,True
Syria,China,Syria vs China,Intentions regarding work i...,PERSISTENT,0.1145833333333333,0.1493055555555555,0.0347222222222221,0.0347222222222221,Syria,China,True,True
Syria,Ukraine,Syria vs Ukraine,Intentions regarding work i...,PERSISTENT,0.2222222222222222,0.1805555555555555,-0.0416666666666667,0.0416666666666667,Ukraine,Syria,True,True
China,Myanmar,China vs Myanmar,Intentions regarding work i...,NEWLY_EMERGED,0.0138888888888888,-0.2395833333333332,-0.253472222222222,0.253472222222222,Myanmar,China,False,True
Myanmar,Ukraine,Myanmar vs Ukraine,Intentions regarding work i...,NEWLY_EMERGED,0.09375,0.2708333333333332,0.1770833333333332,0.1770833333333332,Myanmar,Ukraine,False,True
Nigeria,Pakistan,Nigeria vs Pakistan,Intentions regarding work i...,DISAPPEARED,-0.1840277777777778,0.0555555555555555,0.2395833333333333,0.2395833333333333,Nigeria,Pakistan,True,False
Myanmar,Pakistan,Myanmar vs Pakistan,Intentions regarding work i...,NEWLY_EMERGED,-0.0069444444444444,0.2569444444444444,0.2638888888888888,0.2638888888888888,Myanmar,Pakistan,False,True
Syria,Pakistan,Syria vs Pakistan,Intentions regarding work i...,PERSISTENT,0.1215277777777777,0.1666666666666667,0.045138888888889,0.045138888888889,Syria,Pakistan,True,True
Syria,Nigeria,Syria vs Nigeria,Intentions regarding work i...,DISAPPEARED,0.3055555555555556,0.1111111111111111,-0.1944444444444444,0.1944444444444444,Nigeria,Syria,True,False
China,Nigeria,China vs Nigeria,Intentions regarding work i...,DISAPPEARED,0.1909722222222222,-0.0381944444444444,-0.2291666666666666,0.2291666666666666,Nigeria,China,True,False
Nigeria,Myanmar,Nigeria vs Myanmar,Intentions regarding educat...,DISAPPEARED,-0.2222222222222222,-0.0416666666666666,0.1805555555555556,0.1805555555555556,Nigeria,Myanmar,True,False
Ukraine,Nigeria,Ukraine vs Nigeria,Intentions regarding educat...,DISAPPEARED,0.1770833333333333,-0.0034722222222222,-0.1805555555555555,0.1805555555555555,Nigeria,Ukraine,True,False
Syria,China,Syria vs China,Intentions regarding educat...,DISAPPEARED,0.125,0.03125,-0.09375,0.09375,China,Syria,True,False
Syria,Ukraine,Syria vs Ukraine,Intentions regarding educat...,DISAPPEARED,0.1527777777777778,0.0277777777777777,-0.125,0.125,Ukraine,Syria,True,False
Nigeria,Pakistan,Nigeria vs Pakistan,Intentions regarding educat...,DISAPPEARED,-0.2465277777777778,0.0208333333333333,0.2673611111111111,0.2673611111111111,Nigeria,Pakistan,True,False
Syria,Nigeria,Syria vs Nigeria,Intentions regarding educat...,DISAPPEARED,0.3298611111111111,0.0243055555555555,-0.3055555555555556,0.3055555555555556,Nigeria,Syria,True,False
China,Nigeria,China vs Nigeria,Intentions regarding educat...,DISAPPEARED,0.2048611111111111,-0.0069444444444444,-0.2118055555555555,0.2118055555555555,Nigeria,China,True,False
Myanmar,Ukraine,Myanmar vs Ukraine,Disclosure: Political perse...,NEWLY_EMERGED,0.0416666666666667,0.3055555555555556,0.2638888888888889,0.2638888888888889,Myanmar,Ukraine,False,True
Nigeria,Pakistan,Nigeria vs Pakistan,Contradiction: Dates of per...,DISAPPEARED,0.2361111111111111,0.1111111111111111,-0.125,0.125,Pakistan,Nigeria,True,False
Syria,Myanmar,Syria vs Myanmar,Contradiction: Family invol...,NEWLY_EMERGED,-0.2083333333333333,-0.2361111111111111,-0.0277777777777778,0.0277777777777778,Myanmar,Syria,False,True
Syria,China,Syria vs China,Contradiction: Family invol...,NEWLY_EMERGED,-0.0555555555555555,-0.25,-0.1944444444444445,0.1944444444444445,China,Syria,False,True
Syria,Ukraine,Syria vs Ukraine,Contradiction: Family invol...,NEWLY_EMERGED,-0.0277777777777777,-0.2777777777777778,-0.2500000000000001,0.2500000000000001,Ukraine,Syria,False,True
