topic_truncated,Female vs Male,Female vs Non-binary,Male vs Non-binary
"3rd safe country
- Country ...",-0.03125,0.0,0.0
"Activist Ground
Persecution",0.0920138888888889,-0.0277777777777777,-0.1197916666666666
"Assimilation
Potential",0.0231481481481481,0.0,0.0
"Asylum seeker
circumstances",0.2569444444444444,0.0,0.0
"Contradiction:
Dates of per...",-0.3125,0.0069444444444443,0.3194444444444444
"Contradiction:
Family invol...",-0.0138888888888889,-0.3263888888888888,-0.3124999999999999
"Contradiction:
Location of ...",-0.0277777777777776,-0.0902777777777777,-0.0625
"Contradiction:
Persecutor i...",0.0,0.0,0.0
"Contradiction:
Sequence of ...",-0.0416666666666667,-0.0069444444444443,0.0347222222222222
"Disclosure:
Domestic violen...",-0.1527777777777777,0.2013888888888889,0.3541666666666667
"Disclosure:
Ethnic violence...",0.0486111111111111,-0.0486111111111111,-0.0972222222222222
"Disclosure:
Persecution for...",0.2083333333333333,0.1041666666666666,-0.1041666666666666
"Disclosure:
Political perse...",-0.0416666666666665,0.1180555555555556,0.1597222222222221
"Disclosure:
Religious perse...",0.0416666666666666,-0.2777777777777778,-0.3194444444444442
"Financial
stability",-0.0277777777777777,0.0,0.0
Firm settlement,-0.1147119341563785,0.0,0.0
"Intentions
regarding...",-1.9428902930940242e-16,0.0,0.0
"Intentions work
regarding i...",0.0671296296296296,0.0,0.0
"Nature of
persecution",0.0305555555555554,-0.0305555555555555,-0.0611111111111109
"Non-Refoulement -
Intercept...",-0.0347222222222221,0.0,0.0
"PSG (particular
social group)",-0.0594135802469135,0.0061728395061728,0.0655864197530863
