country,pre_brexit_rate,post_brexit_rate,rate_change,completion,completion_type
Syria,0.8557555212212926,0.3969123621560962,-0.4588431590651964,Career Advancement,Career Advancement
Nigeria,0.8333092657564505,0.4617307791756872,-0.37157848658076326,Career Advancement,Career Advancement
Myanmar,0.7688155097454632,0.40231161423404527,-0.36650389551141793,Career Advancement,Career Advancement
China,0.7921479985068939,0.5328303713443868,-0.25931762716250706,Career Advancement,Career Advancement
Ukraine,0.7210285790333091,0.6091492228976846,-0.1118793561356245,Career Advancement,Career Advancement
Pakistan,0.7527577773126878,0.581180772807772,-0.17157700450491575,Career Advancement,Career Advancement
Syria,0.9439902606451935,0.6266680132168442,-0.31732224742834936,Successful Entrepreneur,Successful Entrepreneur
Nigeria,0.9112136588884386,0.6002357765877344,-0.3109778823007042,Successful Entrepreneur,Successful Entrepreneur
Myanmar,0.8433029290317634,0.5215024762193454,-0.321800452812418,Successful Entrepreneur,Successful Entrepreneur
China,0.8584720936569872,0.7118573720737118,-0.14661472158327538,Successful Entrepreneur,Successful Entrepreneur
Ukraine,0.8499836355057488,0.7674043556050679,-0.08257927990068092,Successful Entrepreneur,Successful Entrepreneur
Pakistan,0.8368782710257673,0.7183239120085692,-0.11855435901719813,Successful Entrepreneur,Successful Entrepreneur
Syria,0.7486976446877409,0.4312574782165394,-0.3174401664712015,Recent Graduate,Recent Graduate
Nigeria,0.7179635972966714,0.4949541540164961,-0.22300944328017525,Recent Graduate,Recent Graduate
Myanmar,0.6093473158596092,0.3644526098021768,-0.2448947060574324,Recent Graduate,Recent Graduate
China,0.6984314574204559,0.5133960968284682,-0.18503536059198766,Recent Graduate,Recent Graduate
Ukraine,0.6753436858495845,0.6024938666346478,-0.07284981921493672,Recent Graduate,Recent Graduate
Pakistan,0.6320276928626483,0.5655022113688811,-0.06652548149376714,Recent Graduate,Recent Graduate
Syria,0.9472340543079589,0.6325916707084708,-0.31464238359948815,Skilled Worker,Skilled Worker
Nigeria,0.8966325585550382,0.6490716363988556,-0.24756092215618264,Skilled Worker,Skilled Worker
Myanmar,0.7726628813393245,0.5487746003573287,-0.22388828098199576,Skilled Worker,Skilled Worker
China,0.853677862252347,0.7489173004407529,-0.1047605618115941,Skilled Worker,Skilled Worker
Ukraine,0.7980860585659402,0.7939977494095183,-0.004088309156421888,Skilled Worker,Skilled Worker
Pakistan,0.7434237724412462,0.774914784016867,0.03149101157562073,Skilled Worker,Skilled Worker
