group_1,group_2,Disappeared,Newly_Emerged,Non_Significant,Persistent
China,Myanmar,0.0,0.253472222222222,0.0,0.0
China,Nigeria,0.2291666666666666,0.0,0.0,0.0
Myanmar,Pakistan,0.0,0.2638888888888888,0.0,0.0
Myanmar,Ukraine,0.0,0.1770833333333332,0.0,0.0
Nigeria,Myanmar,0.0,0.0,0.0,0.0243055555555555
Nigeria,Pakistan,0.2395833333333333,0.0,0.0,0.0
Syria,China,0.0,0.0,0.0,0.0347222222222221
Syria,Myanmar,0.2187499999999998,0.0,0.0,0.0
Syria,Nigeria,0.1944444444444444,0.0,0.0,0.0
Syria,Pakistan,0.0,0.0,0.0,0.045138888888889
Syria,Ukraine,0.0,0.0,0.0,0.0416666666666667
Ukraine,Nigeria,0.0,0.0,0.1527777777777777,0.0
