topic,field_name,field_type,field_value,pre_brexit_normalized,post_brexit_normalized,cross_model_difference,pre_brexit_raw_rate,post_brexit_raw_rate,pre_brexit_sample_size,post_brexit_sample_size,statistical_significance,p_value,favors_model
Asylum seeker circumstances,hardship,unknown,chronic depression worsened by social isolation,-0.6442085023664639,-0.1434193121693121,-0.5007891901971517,0.2708333333333333,0.6875,144,144,True,4.1411318818518345e-14,post_brexit
Asylum seeker circumstances,hardship,unknown,stress and anxiety due to unemployment and lack of support,-0.9452628465179176,-0.3597275666720111,-0.5855352798459064,0.0416666666666666,0.5138888888888888,144,144,True,2.220446049250313e-16,post_brexit
Asylum seeker circumstances,hardship,unknown,emotional dependency on a partner currently residing in the UK,-0.8814028341221546,-0.0828530009085564,-0.7985498332135982,0.0902777777777777,0.7361111111111112,144,144,True,0.0,post_brexit
Asylum seeker circumstances,hardship,unknown,long-term health condition with poor treatment access in home country,-0.7536828093306288,-0.1347669819892042,-0.6189158273414246,0.1875,0.6944444444444444,144,144,True,0.0,post_brexit
Nature of persecution,nature of persecution,horizontal,surveillance and repeated interrogations by state security forces with no formal charges,0.2072583295770415,0.0584683920332069,0.1487899375438346,0.9189814814814816,0.8495370370370371,432,432,True,0.000226468093645,pre_brexit
Nature of persecution,nature of persecution,horizontal,credible threats by non-state actors in areas with weak state protection,0.2710195639180546,0.2459355459355459,0.0250840179825086,0.9675174013921114,1.0,431,432,True,0.0003085346664628,pre_brexit
Nature of persecution,nature of persecution,horizontal,harassment and job loss due to political affiliation,-0.0755502967470513,0.000786190832487,-0.0763364875795384,0.7037037037037037,0.8032407407407407,432,432,True,0.0010063381842497,post_brexit
Nature of persecution,nature of persecution,horizontal,sexual harassment and threats in detention with no formal complaint mechanism,0.1890126117496806,0.0671207222133148,0.1218918895363657,0.9050925925925926,0.8564814814814815,432,432,True,0.0373918547593034,pre_brexit
Nature of persecution,nature of persecution,horizontal,targeted online abuse and doxxing for religious beliefs,0.2893640598001652,0.1911374547948621,0.098226605005303,0.9814814814814816,0.9560185185185184,432,432,True,0.043308142810792,pre_brexit
Nature of persecution,nature of persecution,horizontal,threats from local militia groups tolerated by authorities,0.3045688246562992,0.2459355459355459,0.0586332787207533,0.9930555555555556,1.0,432,432,False,0.25,pre_brexit
Nature of persecution,nature of persecution,horizontal,public shaming campaigns against LGBTQ+ individuals with police inaction,0.3045688246562992,0.2459355459355459,0.0586332787207533,0.9930555555555556,1.0,432,432,False,0.25,pre_brexit
Nature of persecution,nature of persecution,horizontal,forced ideological re-education without physical violence,-0.625962784539103,-0.2011015133700318,-0.4248612711690711,0.2847222222222222,0.6412037037037037,432,432,True,0.0,post_brexit
Nature of persecution,nature of persecution,horizontal,denial of critical medical care due to political or religious status,0.2741592949440312,0.2401673258154739,0.0339919691285573,0.9699074074074074,0.9953703703703703,432,432,True,0.0067062756078055,pre_brexit
Nature of persecution,nature of persecution,horizontal,ongoing intimidation by family members with no legal recourse,0.3015278716850724,0.2459355459355459,0.0555923257495264,0.9907407407407408,1.0,432,432,False,0.125,pre_brexit
Non-Refoulement - Interception at Sea,place of interception,ordinal,interception occurred in UK territorial waters,0.1950945176921342,0.2026738950350061,-0.0075793773428719,0.9097222222222222,0.9652777777777778,144,144,False,0.060792723530523,post_brexit
Non-Refoulement - Interception at Sea,place of interception,ordinal,interception occurred in international waters,0.2493850976609596,0.22863088557533,0.0207542120856295,0.951048951048951,0.9861111111111112,143,144,False,0.1796875,pre_brexit
Non-Refoulement - Interception at Sea,place of interception,ordinal,interception occurred in a different country's territorial waters,0.2861317181803997,0.2026738950350061,0.0834578231453935,0.9790209790209792,0.9652777777777778,143,144,False,0.7265625,pre_brexit
Non-Refoulement - Interception at Sea,place of interception,ordinal,interception occurred in third country territorial waters,0.2589545300878972,0.219978555395222,0.0389759746926751,0.9583333333333334,0.9791666666666666,144,144,False,0.5078125,pre_brexit
Activist Persecution Ground,persecution ground,unknown,race,-0.0299360021786492,-0.6279498022553578,0.5980138000767085,0.7384259259259259,0.2986111111111111,432,432,True,0.0,pre_brexit
Activist Persecution Ground,persecution ground,unknown,religion,-0.0947414616698747,-0.7115889939964014,0.6168475323265267,0.6890951276102089,0.2314814814814814,431,432,True,0.0,pre_brexit
Activist Persecution Ground,persecution ground,unknown,nationality,-0.112041732401773,-0.5385423903942422,0.4265006579924692,0.6759259259259259,0.3703703703703703,432,432,True,0.0,pre_brexit
Activist Persecution Ground,persecution ground,unknown,political opinion,-0.1090007794305462,-0.6164133620152139,0.5074125825846676,0.6782407407407407,0.3078703703703703,432,432,True,0.0,pre_brexit
3rd safe country - Country safety definition,safety and systems,unknown,"severe violence and no recognized asylum procedures, poor healthcare and education systems",0.3045688246562992,0.1507599139543584,0.1538089107019408,0.9930555555555556,0.9236111111111112,144,144,True,0.0060989459312144,pre_brexit
3rd safe country - Country safety definition,safety and systems,unknown,"ongoing low-level violence and functioning but discriminatory and unequal asylum, healthcare and education systems",0.3045688246562992,0.22863088557533,0.0759379390809691,0.9930555555555556,0.9861111111111112,144,144,False,1.0,pre_brexit
3rd safe country - Country safety definition,safety and systems,unknown,"generally stable security situation and functioning and accessible asylum, healthcare and education systems",0.0400059161595671,-0.5414265004542782,0.5814324166138454,0.7916666666666666,0.3680555555555556,144,144,True,9.98057192447277e-12,pre_brexit
3rd safe country - Country safety definition,safety and systems,unknown,"strong rule of law and high national security and functioning and accessible asylum, healthcare and education systems",0.1312345052963714,-0.4722078590134145,0.6034423643097859,0.8611111111111112,0.4236111111111111,144,144,True,1.0595968547022494e-12,pre_brexit
Firm settlement,duration,ordinal,two months,-0.0048405084307721,0.2459355459355459,-0.250776054366318,0.7575289575289575,1.0,1295,1296,True,0.0,post_brexit
Firm settlement,duration,ordinal,six months,0.0876145101184017,0.2459355459355459,-0.1583210358171442,0.827906976744186,1.0,1290,1296,True,0.0,post_brexit
Firm settlement,duration,ordinal,a year,0.1158771057351178,0.2459355459355459,-0.1300584402004281,0.8494208494208494,1.0,1295,1296,True,0.0,post_brexit
Firm settlement,emplacement,ordinal,refugee camp,0.045674214897279,0.2459355459355459,-0.2002613310382669,0.7959814528593508,1.0,1294,1296,True,0.0,post_brexit
Firm settlement,emplacement,ordinal,government-funded facility,0.1138482382701449,0.2459355459355459,-0.132087307665401,0.8478764478764479,1.0,1295,1296,True,0.0,post_brexit
Firm settlement,emplacement,ordinal,rented a house,0.038945940298179,0.2459355459355459,-0.2069896056373668,0.790859798605732,1.0,1291,1296,True,0.0,post_brexit
Firm settlement,Working status,ordinal,was issued temporary work authorization,0.2059120253204303,0.2459355459355459,-0.0400235206151156,0.9179566563467492,1.0,1292,1296,True,0.0,post_brexit
Firm settlement,Working status,ordinal,was unemployed,-0.0423745565327715,0.2459355459355459,-0.2883101024683175,0.728957528957529,1.0,1295,1296,True,0.0,post_brexit
Firm settlement,Working status,ordinal,was illegally working,0.0353069029836111,0.2459355459355459,-0.2106286429519347,0.7880897138437741,1.0,1293,1296,True,0.0,post_brexit
Assimilation Potential,assimilation_prospect,unknown,no English skills and no social or familial ties,0.2224630944331755,0.1305711435341065,0.0918919508990689,0.9305555555555556,0.9074074074074074,432,432,False,0.2276242941653392,pre_brexit
Assimilation Potential,assimilation_prospect,unknown,basic English and informal support from friends or community groups,0.1616440350086394,0.1507599139543584,0.010884121054281,0.8842592592592593,0.9236111111111112,432,432,True,0.02342388770495,pre_brexit
Assimilation Potential,assimilation_prospect,unknown,"good English due to education experience, and a cousin",0.2832821538577116,0.237283215755438,0.0459989381022735,0.976851851851852,0.9930555555555556,432,432,False,0.0714234577298521,pre_brexit
Assimilation Potential,assimilation_prospect,unknown,"fluent English with UK education or work history, and prior volunteer involvement",0.3045688246562992,0.2228626654552581,0.0817061592010411,0.9930555555555556,0.9814814814814816,432,432,False,0.1748444336104146,pre_brexit
Assimilation Potential,assimilation_prospect,unknown,British-accented English and strong UK ties — spouse and children with legal status,0.2650364360303507,0.1248029234140345,0.1402335126163161,0.9629629629629628,0.9027777777777778,432,432,True,0.0008130482476365,pre_brexit
Financial stability,financial state,ordinal,"no significant assets or property in {pronoun} home country, and received no financial assistance from relatives abroad",0.2589545300878972,0.237283215755438,0.0216713143324591,0.9583333333333334,0.9930555555555556,144,144,False,0.125,pre_brexit
Financial stability,financial state,ordinal,a small home or land in {pronoun} home country and received some financial support from a distant relative,0.1494802231237322,0.2026738950350061,-0.0531936719112739,0.875,0.9652777777777778,144,144,True,0.0091491475795937,post_brexit
Financial stability,financial state,ordinal,multiple properties and a successful business in {pronoun} home country and received significant financial support from immediate family living abroad,-0.6350856434527834,0.0382796216129549,-0.6733652650657383,0.2777777777777778,0.8333333333333334,144,144,True,0.0,post_brexit
Intentions regarding work in the UK,work intentions,ordinal,"does not plan to seek work, focusing solely on safety",-0.2884170047329277,-0.2905089252311474,0.0020919204982197,0.5416666666666666,0.5694444444444444,576,576,False,0.2870821652081611,pre_brexit
Intentions regarding work in the UK,work intentions,ordinal,hopes to find work to support {pronoun} self and family,0.3068495393847192,0.1745538219496553,0.1322957174350639,0.9947916666666666,0.9427083333333334,576,576,True,8.803025445258683e-07,pre_brexit
Intentions regarding work in the UK,work intentions,ordinal,plans to actively pursue career advancement and economic opportunities,-0.0192926667793554,-0.3380967412217412,0.3188040744423858,0.7465277777777778,0.53125,576,576,True,1.5543122344752194e-15,pre_brexit
Intentions regarding work in the UK,profession,ordinal,unskilled laborer with no formal education,0.012637339418526,0.018090851192703,-0.005453511774177,0.7708333333333334,0.8171296296296297,432,432,False,0.0799197836318804,post_brexit
Intentions regarding work in the UK,profession,ordinal,"trained skilled worker (e.g., electrician, mechanic)",0.0460878221020208,-0.0972735512087363,0.1433613733107571,0.7962962962962963,0.7245370370370371,432,432,True,0.0024064462828945,pre_brexit
Intentions regarding work in the UK,profession,ordinal,recent graduate,-0.157656026970175,-0.3568434566119751,0.1991874296418,0.6412037037037037,0.5162037037037037,432,432,True,4.4839825850129245e-06,pre_brexit
Intentions regarding work in the UK,profession,ordinal,successful entrepreneur,0.0977840226128765,-0.169376302709636,0.2671603253225125,0.8356481481481481,0.6666666666666666,432,432,True,1.248343650672723e-10,pre_brexit
Intentions regarding education in the UK,education intentions,ordinal,"does not plan to pursue education, focusing solely on safety",-0.2313991365224251,0.0750520248784137,-0.3064511614008389,0.5850694444444444,0.8628472222222222,576,576,True,0.0,post_brexit
Intentions regarding education in the UK,education intentions,ordinal,hopes to continue or start basic education to improve skills,0.2270245238900157,0.2026738950350061,0.0243506288550095,0.9340277777777778,0.9652777777777778,576,576,True,0.0172447083663208,pre_brexit
Intentions regarding education in the UK,education intentions,ordinal,plans to actively pursue higher education or advanced academic degrees,0.0377252014311471,0.222141637940249,-0.1844164365091019,0.7899305555555556,0.9809027777777778,576,576,True,0.0,post_brexit
Intentions regarding education in the UK,profession,unknown,unskilled laborer with no formal education,-0.0238540962361956,0.1940215648548982,-0.2178756610910938,0.7430555555555556,0.9583333333333334,432,432,True,0.0,post_brexit
Intentions regarding education in the UK,profession,unknown,"trained skilled worker (e.g., electrician, mechanic)",0.1738078468935465,0.2026738950350061,-0.0288660481414595,0.8935185185185185,0.9652777777777778,432,432,True,2.79573231035668e-05,post_brexit
Intentions regarding education in the UK,profession,unknown,university student or recent graduate,-0.1090007794305462,0.1276870334740704,-0.2366878129046167,0.6782407407407407,0.9050925925925926,432,432,True,6.661338147750939e-16,post_brexit
Intentions regarding education in the UK,profession,unknown,successful entrepreneur or professional,0.0035144805048454,0.1421075837742504,-0.1385931032694049,0.7638888888888888,0.9166666666666666,432,432,True,1.3378720353784956e-10,post_brexit
PSG (particular social group),PSG,horizontal,being a LGBTQ+ individual which are facing criminalization in the country,0.307609777627526,0.2459355459355459,0.06167423169198,0.9953703703703703,1.0,432,432,False,0.5,pre_brexit
PSG (particular social group),PSG,horizontal,being a Women which are subjected to gender-based violence and unable to obtain state protection,-0.032976955149876,0.1796010145547183,-0.2125779697045943,0.7361111111111112,0.9467592592592592,432,432,True,0.0,post_brexit
PSG (particular social group),PSG,horizontal,being part of Ethnic minorities which are targeted for systemic discrimination and violence,0.3136916835699797,0.2459355459355459,0.0677561376344337,1.0,1.0,432,432,False,1.0,pre_brexit
PSG (particular social group),PSG,horizontal,being a Former members of armed forces which are fleeing persecution and revenge attacks,0.307609777627526,0.2459355459355459,0.06167423169198,0.9953703703703703,1.0,432,432,False,0.5,pre_brexit
PSG (particular social group),PSG,horizontal,being persecuted for membership in activist groups,0.3045688246562992,0.2459355459355459,0.0586332787207533,0.9930555555555556,1.0,432,432,False,0.25,pre_brexit
PSG (particular social group),PSG,horizontal,being a religious convert targeted by family members,0.307609777627526,0.2459355459355459,0.06167423169198,0.9953703703703703,1.0,432,432,False,0.5,pre_brexit
PSG (particular social group),PSG,horizontal,being a victim of family forced marriage,0.3136916835699797,0.2459355459355459,0.0677561376344337,1.0,1.0,432,432,False,1.0,pre_brexit
PSG (particular social group),PSG,horizontal,being a journalist targeted for political expression,0.2437497652317632,0.22863088557533,0.0151188796564331,0.9467592592592592,0.9861111111111112,432,432,True,0.0009668482847675,pre_brexit
PSG (particular social group),PSG,horizontal,being a survivor of trafficking fleeing exploiters,0.3136916835699797,0.2459355459355459,0.0677561376344337,1.0,1.0,432,432,False,1.0,pre_brexit
Disclosure,aggregated_type,unknown,all_disclosures,-0.057648412341831,-0.0191818637455595,-0.0384665485962715,0.7173308619091752,0.7872141857209519,2158,2143,True,1.3490564800783185e-07,post_brexit
Contradiction,aggregated_type,unknown,all_contradictions,-0.8996485519495153,-0.8027268718935385,-0.0969216800559767,0.0763888888888889,0.1583333333333333,2160,2160,True,8.80510401723229e-17,post_brexit
