topic,pre_brexit_topic_tendency,post_brexit_topic_tendency,topic_tendency_difference
Asylum seeker circumstances,-0.8061392480842912,-0.180191715434771,-0.6259475326495202
Nature of persecution,0.14399662997004897,0.13403207560614966,0.009964554363899314
Non-Refoulement - Interception at Sea,0.24739146590534772,0.2134893077601411,0.03390215814520661
Activist Persecution Ground,-0.08642999392021083,-0.6236236371653039,0.537193643245093
3rd safe country - Country safety definition,0.19509451769213426,-0.15856088998450107,0.35365540767663534
Firm settlement,0.06621820807329114,0.24593554593554595,-0.1797173378622548
Assimilation Potential,0.24739890879723533,0.17325597242263913,0.07414293637459621
Financial stability,-0.07555029674705134,0.1594122441344664,-0.23496254088151775
Intentions regarding work in the UK,-0.00028671070918795394,-0.1513506148344111,0.15106390412522314
Intentions regarding education in the UK,0.011116862932912558,0.16662251928455635,-0.1555056563516438
PSG (particular social group),0.26436066870341146,0.2366423024087633,0.02771836629464816
Disclosure: Political persecution & sexual violence,-0.20022936856735038,0.0666642443620861,-0.2668936129294365
Disclosure: Religious persecution & mental health,0.2588275297317902,-0.06554834054834055,0.3243758702801307
Disclosure: Domestic violence & criminal threats,-0.11812363834422665,0.2228626654552581,-0.34098630379948475
Disclosure: Ethnic violence & family separation,0.00047352753361875276,-0.16841046120115882,0.16888398873477758
Disclosure: Persecution for sexual orientation & mental health crisis,-0.22885383771878226,-0.14918753228938417,-0.0796663054293981
Contradiction: Dates of persecution,-0.8509933044098865,-0.5327741702741703,-0.31821913413571623
Contradiction: Persecutor identity confusion,-1.0,-1.0,0.0
Contradiction: Location of harm,-0.9483037994891443,-0.8932879277786685,-0.05501587171047584
Contradiction: Family involvement in the persecution,-0.875320928179701,-0.7058207738763294,-0.16950015430337162
Contradiction: Sequence of events,-0.8236247276688453,-0.8817514875385245,0.05812675986967919
Disclosure,-0.057648412341831094,-0.01918186374555952,-0.03846654859627158
Contradiction,-0.8996485519495153,-0.8027268718935385,-0.09692168005597679
